,DATA,DECISIONE,ANDAMENTO MERCATO,OPEN,MAX,MIN,CLOSE,VOLUME,CLOSE-OPEN
507,08/01/2015,HOLD,1,9658.0,9863.0,9613.0,9828.0,129566,170.0
508,09/01/2015,BUY,-1,9815.5,9868.0,9602.5,9675.5,139759,-140.0
509,12/01/2015,HOLD,1,9661.5,9823.0,9625.0,9771.0,129815,109.5
510,13/01/2015,SELL,1,9787.5,9986.0,9756.5,9868.5,136168,81.0
511,14/01/2015,HOLD,1,9786.0,9969.5,9766.0,9873.0,170228,87.0
512,15/01/2015,HOLD,1,9954.0,10070.0,9582.5,10008.0,203485,54.0
513,16/01/2015,HOLD,1,9961.0,10316.0,9944.0,10289.5,163499,328.5
514,19/01/2015,SELL,-1,10255.0,10301.0,10195.5,10251.5,76720,-3.5
515,20/01/2015,SELL,-1,10315.0,10315.0,10215.0,10279.0,105609,-36.0
516,21/01/2015,HOLD,1,10276.0,10319.5,10153.0,10307.0,144795,31.0
517,22/01/2015,HOLD,1,10320.0,10548.5,10229.0,10502.0,147572,182.0
518,23/01/2015,BUY,1,10500.0,10711.5,10486.5,10620.0,151697,120.0
519,26/01/2015,BUY,1,10576.0,10857.5,10572.5,10827.5,128007,251.5
520,27/01/2015,HOLD,-1,10825.5,10828.0,10596.0,10655.0,133674,-170.5
521,28/01/2015,HOLD,-1,10722.0,10756.5,10553.0,10590.5,130721,-131.5
522,29/01/2015,HOLD,1,10605.0,10832.0,10599.0,10806.5,117834,201.5
523,30/01/2015,HOLD,-1,10799.0,10821.5,10643.5,10650.0,118038,-149.0
524,02/02/2015,BUY,1,10699.0,10884.0,10681.0,10876.5,115625,177.5
525,03/02/2015,SELL,1,10854.5,10989.5,10846.5,10925.0,119006,70.5
526,04/02/2015,HOLD,-1,10933.0,10942.0,10805.0,10834.0,106784,-99.0
527,05/02/2015,HOLD,1,10798.0,10932.5,10793.0,10891.0,99441,93.0
528,06/02/2015,SELL,-1,10885.0,10891.0,10757.0,10785.0,92704,-100.0
529,09/02/2015,BUY,-1,10750.0,10779.5,10600.5,10656.0,115900,-94.0
530,10/02/2015,HOLD,1,10679.5,10816.0,10592.5,10796.5,119334,117.0
531,11/02/2015,HOLD,-1,10771.0,10800.0,10698.0,10768.5,78849,-2.5
532,12/02/2015,HOLD,1,10787.5,10978.5,10732.0,10976.5,111304,189.0
533,13/02/2015,BUY,-1,10980.0,11016.5,10942.5,10975.5,80477,-4.5
534,16/02/2015,HOLD,-1,10961.5,10968.0,10843.5,10846.0,51463,-115.5
535,17/02/2015,SELL,1,10839.5,10949.0,10765.5,10909.0,99708,69.5
536,18/02/2015,HOLD,1,10905.5,10984.0,10898.0,10956.0,70249,50.5
537,19/02/2015,BUY,1,10952.5,11025.0,10872.5,10985.0,108658,32.5
538,20/02/2015,HOLD,1,10976.0,11164.5,10948.0,11117.0,129930,141.0
539,23/02/2015,HOLD,-1,11134.5,11161.5,11070.0,11120.5,76731,-14.0
540,24/02/2015,HOLD,1,11134.5,11234.5,11090.0,11218.0,85377,83.5
541,25/02/2015,BUY,-1,11223.0,11233.0,11177.0,11197.5,59881,-25.5
542,26/02/2015,HOLD,1,11229.5,11335.5,11189.0,11319.0,85030,89.5
543,27/02/2015,SELL,1,11318.5,11402.5,11303.5,11380.0,88833,61.5
544,02/03/2015,HOLD,1,11403.5,11457.0,11365.0,11435.0,82041,31.5
545,03/03/2015,HOLD,-1,11417.0,11475.5,11258.5,11313.5,100323,-103.5
546,04/03/2015,HOLD,1,11317.5,11422.0,11194.0,11404.0,122695,86.5
547,05/03/2015,SELL,1,11426.0,11535.0,11408.5,11504.0,103624,78.0
548,06/03/2015,HOLD,-1,11521.5,11603.5,11495.5,11512.5,91606,-9.0
549,09/03/2015,BUY,1,11519.0,11609.5,11463.0,11582.5,79875,63.5
550,10/03/2015,HOLD,-1,11575.0,11578.0,11403.0,11513.5,118371,-61.5
551,11/03/2015,HOLD,1,11536.5,11854.5,11531.0,11824.0,135857,287.5
552,12/03/2015,HOLD,-1,11843.0,11852.0,11756.5,11832.5,130851,-10.5
553,13/03/2015,HOLD,1,11850.0,11978.0,11742.5,11942.5,129125,92.5
554,16/03/2015,HOLD,1,11947.5,12223.5,11933.0,12166.0,163849,218.5
555,17/03/2015,HOLD,-1,12152.5,12198.0,11928.5,12007.5,195031,-145.0
556,18/03/2015,HOLD,-1,12023.0,12031.5,11814.5,11875.5,196344,-147.5
557,19/03/2015,HOLD,-1,11900.0,12004.0,11785.5,11898.5,138000,-1.5
558,20/03/2015,HOLD,1,11965.0,12116.0,11953.0,12048.5,119115,83.5
559,23/03/2015,HOLD,-1,12068.5,12069.0,11850.5,11892.0,108534,-176.5
560,24/03/2015,HOLD,1,11905.0,12061.0,11822.5,12002.0,115045,97.0
561,25/03/2015,HOLD,-1,11990.0,12050.0,11867.5,11890.0,106660,-100.0
562,26/03/2015,BUY,1,11814.0,11924.5,11650.0,11902.5,153489,88.5
563,27/03/2015,HOLD,-1,11919.5,11984.0,11828.0,11901.5,102418,-18.0
564,30/03/2015,HOLD,1,11930.0,12139.5,11917.0,12108.0,88431,178.0
565,31/03/2015,HOLD,-1,12092.0,12154.0,11945.5,11959.5,112933,-132.5
566,01/04/2015,HOLD,1,11902.0,12147.5,11870.0,12071.0,119442,169.0
567,02/04/2015,HOLD,-1,12056.0,12058.0,11959.0,12011.0,69500,-45.0
568,07/04/2015,HOLD,1,12081.0,12177.5,12061.5,12103.5,86975,22.5
569,08/04/2015,HOLD,-1,12105.0,12158.0,12044.5,12088.5,82429,-16.5
570,09/04/2015,BUY,1,12106.5,12253.5,12074.0,12233.0,82641,126.5
571,10/04/2015,BUY,1,12236.5,12429.5,12233.0,12422.0,90908,185.5
572,13/04/2015,BUY,-1,12408.5,12426.5,12306.0,12325.0,81138,-83.5
573,14/04/2015,HOLD,-1,12350.0,12376.5,12213.5,12294.5,104593,-55.5
574,15/04/2015,HOLD,-1,12294.0,12361.0,12229.5,12250.0,75966,-44.0
575,16/04/2015,HOLD,-1,12271.5,12282.0,11997.5,12028.0,115420,-243.5
576,17/04/2015,HOLD,-1,12025.5,12052.5,11665.0,11691.5,152976,-334.0
577,20/04/2015,BUY,1,11740.5,11938.5,11717.5,11899.0,94944,158.5
578,21/04/2015,HOLD,1,11945.0,12113.5,11940.5,11996.0,120011,51.0
579,22/04/2015,HOLD,-1,12013.0,12075.5,11816.0,11947.0,124428,-66.0
580,23/04/2015,HOLD,-1,11947.0,11979.0,11703.0,11813.0,128348,-134.0
581,24/04/2015,HOLD,1,11790.0,11916.0,11737.0,11843.5,106751,53.5
582,27/04/2015,HOLD,1,11863.0,12085.0,11758.5,12035.0,123560,172.0
583,28/04/2015,HOLD,-1,12037.5,12085.0,11773.0,11866.0,115038,-171.5
584,29/04/2015,BUY,-1,11836.5,11912.5,11384.0,11516.5,177688,-320.0
585,30/04/2015,HOLD,-1,11476.0,11592.0,11353.0,11420.0,157768,-56.0
586,04/05/2015,HOLD,1,11535.5,11680.5,11424.5,11630.0,87632,94.5
587,05/05/2015,SELL,-1,11606.5,11771.5,11312.0,11345.0,150944,-261.5
588,06/05/2015,HOLD,-1,11390.0,11475.5,11252.0,11354.0,128731,-36.0
589,07/05/2015,SELL,1,11367.0,11453.0,11178.0,11405.0,121817,38.0
590,08/05/2015,HOLD,1,11445.0,11745.0,11424.5,11725.0,108250,280.0
591,11/05/2015,HOLD,-1,11727.0,11731.5,11612.0,11633.0,78086,-94.0
592,12/05/2015,HOLD,-1,11645.5,11659.5,11387.5,11499.0,125533,-146.5
593,13/05/2015,HOLD,-1,11530.5,11608.0,11304.0,11341.5,116914,-189.0
594,14/05/2015,HOLD,1,11333.5,11593.5,11225.0,11577.5,97178,244.0
595,15/05/2015,SELL,-1,11570.0,11649.0,11388.0,11477.5,102829,-92.5
596,18/05/2015,BUY,1,11480.5,11645.5,11385.5,11635.0,100265,154.5
597,19/05/2015,SELL,1,11669.0,11888.0,11655.0,11820.0,117057,151.0
598,20/05/2015,HOLD,1,11846.5,11893.0,11788.5,11863.0,72356,16.5
599,21/05/2015,HOLD,1,11851.5,11902.5,11766.0,11881.0,70200,29.5
600,22/05/2015,BUY,-1,11887.0,11888.0,11796.5,11835.0,63133,-52.0
601,26/05/2015,HOLD,-1,11798.0,11938.0,11592.0,11655.0,110767,-143.0
602,27/05/2015,HOLD,1,11657.5,11803.5,11602.5,11781.0,102323,123.5
603,28/05/2015,HOLD,-1,11745.5,11779.0,11608.0,11700.0,77166,-45.5
604,29/05/2015,HOLD,-1,11697.5,11722.0,11401.5,11434.5,118702,-263.0
605,01/06/2015,HOLD,-1,11499.0,11513.5,11346.0,11473.5,96792,-25.5
606,02/06/2015,HOLD,-1,11468.0,11487.5,11268.0,11328.0,110106,-140.0
607,03/06/2015,SELL,1,11344.0,11518.5,11298.0,11401.5,105609,57.5
608,04/06/2015,HOLD,-1,11369.0,11453.5,11186.0,11273.0,124407,-96.0
609,05/06/2015,HOLD,-1,11255.0,11291.0,11139.5,11190.0,103234,-65.0
610,08/06/2015,HOLD,-1,11201.5,11224.0,10991.5,11022.5,108484,-179.0
611,09/06/2015,HOLD,-1,11020.0,11072.0,10861.0,10964.0,123950,-56.0
612,10/06/2015,HOLD,1,10976.5,11306.5,10936.5,11262.5,118471,286.0
613,11/06/2015,HOLD,1,11260.5,11454.0,11238.0,11316.0,105349,55.5
614,12/06/2015,HOLD,-1,11310.5,11367.5,11066.0,11205.0,120028,-105.5
615,15/06/2015,HOLD,-1,11100.0,11117.0,10953.5,11020.0,96783,-80.0
616,16/06/2015,HOLD,1,10998.0,11076.5,10798.0,11068.5,107775,70.5
617,17/06/2015,HOLD,-1,11088.0,11119.5,10872.0,10917.0,93813,-171.0
618,18/06/2015,SELL,1,10875.0,11290.0,10805.0,11139.0,112127,264.0
619,19/06/2015,HOLD,-1,11093.0,11255.5,11000.0,11043.0,105651,-50.0
620,22/06/2015,HOLD,1,11224.0,11489.5,11214.5,11451.5,146497,227.5
621,23/06/2015,HOLD,1,11525.0,11643.0,11522.0,11578.0,111134,53.0
622,24/06/2015,HOLD,-1,11590.5,11595.0,11367.0,11414.5,115855,-176.0
623,25/06/2015,HOLD,1,11437.5,11610.0,11350.5,11443.0,114566,5.5
624,26/06/2015,HOLD,1,11400.0,11566.0,11372.0,11540.0,92105,140.0
625,29/06/2015,HOLD,1,10955.0,11293.0,10841.0,10979.0,156671,24.0
626,30/06/2015,HOLD,-1,11015.5,11140.0,10897.5,11006.0,166334,-9.5
627,01/07/2015,HOLD,1,11079.0,11287.5,10978.5,11175.0,132544,96.0
628,02/07/2015,BUY,-1,11176.5,11231.0,11071.0,11119.5,68634,-57.0
629,03/07/2015,HOLD,-1,11133.0,11134.5,11006.5,11112.5,61521,-20.5
630,06/07/2015,HOLD,1,10757.0,10997.0,10727.5,10869.0,116578,112.0
631,07/07/2015,HOLD,-1,10905.5,10949.5,10659.5,10893.0,137685,-12.5
632,08/07/2015,HOLD,-1,10761.0,10806.0,10650.0,10710.0,110210,-51.0
633,09/07/2015,HOLD,1,10806.0,11035.5,10780.5,10958.0,108100,152.0
634,10/07/2015,HOLD,1,11206.0,11403.0,11147.5,11399.5,112110,193.5
635,13/07/2015,HOLD,1,11326.0,11517.0,11254.0,11486.5,98673,160.5
636,14/07/2015,HOLD,1,11514.0,11548.5,11415.5,11531.0,65727,17.0
637,15/07/2015,HOLD,1,11535.0,11571.5,11478.0,11535.0,62784,0.0
638,16/07/2015,HOLD,1,11623.0,11791.5,11603.5,11735.0,86846,112.0
639,17/07/2015,SELL,-1,11737.5,11767.0,11650.5,11682.0,68088,-55.5
640,20/07/2015,HOLD,-1,11758.0,11807.0,11717.0,11750.0,53974,-8.0
641,21/07/2015,HOLD,-1,11783.0,11783.0,11570.0,11603.0,70778,-180.0
642,22/07/2015,HOLD,-1,11567.0,11595.5,11480.0,11551.0,76659,-16.0
643,23/07/2015,HOLD,-1,11589.0,11630.0,11436.5,11451.0,81681,-138.0
644,24/07/2015,SELL,-1,11482.0,11549.5,11282.0,11299.0,93132,-183.0
645,27/07/2015,BUY,-1,11315.0,11320.0,11029.5,11051.0,131217,-264.0
646,28/07/2015,HOLD,1,11100.0,11248.5,11066.0,11216.0,115125,116.0
647,29/07/2015,HOLD,1,11194.0,11280.0,11119.5,11257.5,102536,63.5
648,30/07/2015,BUY,1,11243.5,11314.0,11137.5,11270.0,103193,26.5
649,31/07/2015,SELL,1,11282.0,11329.0,11169.5,11318.5,88262,36.5
650,03/08/2015,HOLD,1,11290.0,11464.5,11246.5,11424.0,104544,134.0
651,04/08/2015,BUY,1,11426.0,11480.5,11381.5,11472.0,73054,46.0
652,05/08/2015,HOLD,1,11480.0,11659.0,11476.5,11600.0,89731,120.0
653,06/08/2015,HOLD,-1,11607.5,11673.0,11532.5,11566.5,72157,-41.0
654,07/08/2015,HOLD,-1,11587.5,11588.0,11482.5,11512.0,73560,-75.5
655,10/08/2015,HOLD,1,11544.0,11621.5,11430.0,11619.5,75274,75.5
656,11/08/2015,HOLD,-1,11563.0,11573.5,11262.5,11302.5,127489,-260.5
657,12/08/2015,HOLD,-1,11200.0,11202.0,10892.5,11055.0,154261,-145.0
658,13/08/2015,BUY,-1,11080.0,11156.5,10977.5,11008.0,109698,-72.0
659,14/08/2015,BUY,1,10983.0,11094.0,10909.0,11050.5,82394,67.5
660,17/08/2015,HOLD,-1,11031.0,11114.0,10811.5,10979.0,103342,-52.0
661,18/08/2015,HOLD,-1,10973.5,10984.0,10880.0,10906.0,70857,-67.5
662,19/08/2015,HOLD,-1,10847.0,10856.0,10670.0,10674.5,100623,-172.5
663,20/08/2015,HOLD,-1,10658.0,10658.0,10300.0,10300.0,143282,-358.0
664,21/08/2015,HOLD,-1,10153.0,10437.0,9980.0,10035.0,190954,-118.0
665,24/08/2015,BUY,-1,9806.5,9936.5,9317.5,9643.5,235927,-163.0
666,25/08/2015,HOLD,1,9701.5,10187.5,9701.5,9825.5,185012,124.0
667,26/08/2015,HOLD,1,9993.0,10204.0,9849.0,10204.0,145460,211.0
668,27/08/2015,HOLD,1,10217.5,10383.0,10165.5,10354.5,119643,137.0
669,28/08/2015,HOLD,-1,10313.0,10353.0,10183.0,10281.5,80731,-31.5
670,31/08/2015,HOLD,1,10191.5,10309.0,10129.5,10224.5,74215,33.0
671,01/09/2015,HOLD,-1,10014.0,10118.0,9885.0,9916.5,126354,-97.5
672,02/09/2015,HOLD,1,10027.5,10138.0,9960.0,10138.0,98207,110.5
673,03/09/2015,HOLD,1,10125.5,10380.5,10111.0,10240.5,112764,115.0
674,04/09/2015,BUY,-1,10143.0,10217.0,9955.0,10020.0,106604,-123.0
675,07/09/2015,HOLD,1,10100.0,10183.0,10052.5,10120.0,45187,20.0
676,08/09/2015,HOLD,1,10145.5,10372.5,10092.5,10335.0,95252,189.5
677,09/09/2015,HOLD,-1,10447.5,10524.0,10155.5,10167.0,109396,-280.5
678,10/09/2015,HOLD,1,10235.5,10327.0,10153.0,10249.5,104847,14.0
679,11/09/2015,HOLD,-1,10250.0,10250.5,10076.5,10194.0,79158,-56.0
680,14/09/2015,HOLD,-1,10179.0,10227.0,10081.5,10158.0,81764,-21.0
681,15/09/2015,HOLD,1,10178.5,10262.0,10067.5,10259.0,85802,80.5
682,16/09/2015,HOLD,1,10229.5,10339.0,10171.5,10264.5,73848,35.0
683,17/09/2015,HOLD,-1,10281.0,10328.5,10128.0,10188.5,66164,-92.5
684,18/09/2015,SELL,-1,10200.5,10219.0,9857.0,9928.0,145362,-272.5
685,21/09/2015,HOLD,1,9885.0,10000.5,9782.0,9974.5,104003,89.5
686,22/09/2015,HOLD,-1,9991.0,10019.0,9557.5,9628.5,147671,-362.5
687,23/09/2015,HOLD,1,9510.0,9712.0,9483.0,9608.0,110266,98.0
688,24/09/2015,HOLD,-1,9591.5,9708.0,9361.0,9532.5,147170,-59.0
689,25/09/2015,HOLD,1,9598.0,9746.5,9561.5,9629.0,124389,31.0
690,28/09/2015,HOLD,-1,9577.0,9678.5,9434.0,9452.0,120392,-125.0
691,29/09/2015,SELL,1,9420.0,9539.0,9301.0,9475.5,144343,55.5
692,30/09/2015,HOLD,1,9589.5,9734.5,9581.0,9666.0,124707,76.5
693,01/10/2015,HOLD,-1,9748.5,9787.5,9449.0,9567.0,130718,-181.5
694,02/10/2015,SELL,1,9580.0,9681.0,9390.0,9679.0,134906,99.0
695,05/10/2015,HOLD,1,9739.0,9892.5,9647.5,9892.5,113504,153.5
696,06/10/2015,HOLD,1,9827.5,9956.0,9728.0,9870.5,116788,43.0
697,07/10/2015,SELL,1,9898.5,10093.5,9889.0,10033.0,128511,134.5
698,08/10/2015,HOLD,1,9939.0,10105.0,9907.5,10104.0,91698,165.0
699,09/10/2015,HOLD,-1,10119.0,10147.0,10044.5,10110.5,85867,-8.5
700,12/10/2015,HOLD,-1,10120.5,10188.0,10053.0,10106.5,66308,-14.0
701,13/10/2015,HOLD,-1,10104.5,10116.5,9935.5,9992.5,106603,-112.0
702,14/10/2015,HOLD,-1,9970.0,10039.0,9885.5,9918.5,104732,-51.5
703,15/10/2015,SELL,1,9980.0,10148.5,9956.0,10143.0,98872,163.0
704,16/10/2015,HOLD,-1,10139.0,10166.0,10052.5,10116.5,88746,-22.5
705,19/10/2015,HOLD,1,10124.0,10208.0,10066.0,10172.5,78670,48.5
706,20/10/2015,HOLD,-1,10157.5,10193.0,10076.0,10140.5,75679,-17.0
707,21/10/2015,HOLD,-1,10191.0,10276.5,10102.5,10181.0,94028,-10.0
708,22/10/2015,HOLD,1,10206.0,10587.0,10188.5,10574.0,129706,368.0
709,23/10/2015,SELL,1,10640.0,10860.0,10583.5,10850.0,119833,210.0
710,26/10/2015,HOLD,-1,10810.0,10867.5,10757.5,10795.0,86004,-15.0
711,27/10/2015,BUY,-1,10786.0,10809.5,10685.5,10733.0,81324,-53.0
712,28/10/2015,BUY,1,10719.5,10927.0,10691.0,10910.0,89919,190.5
713,29/10/2015,HOLD,-1,10877.0,10893.5,10741.0,10808.5,85530,-68.5
714,30/10/2015,HOLD,-1,10845.5,10880.0,10746.5,10823.0,72181,-22.5
715,02/11/2015,HOLD,1,10761.0,10995.0,10727.5,10979.0,80018,218.0
716,03/11/2015,HOLD,-1,10964.5,10999.0,10882.5,10949.0,76585,-15.5
717,04/11/2015,HOLD,-1,10972.0,11009.0,10812.0,10854.5,93061,-117.5
718,05/11/2015,HOLD,1,10868.5,10966.0,10781.5,10886.5,90245,18.0
719,06/11/2015,HOLD,1,10902.0,11059.0,10841.5,11030.0,92133,128.0
720,09/11/2015,HOLD,-1,10995.0,11013.5,10786.0,10835.0,84334,-160.0
721,10/11/2015,BUY,-1,10854.0,10872.5,10727.0,10853.5,89658,-0.5
722,11/11/2015,HOLD,1,10864.0,10996.5,10836.0,10864.5,84831,0.5
723,12/11/2015,HOLD,-1,10890.0,10960.5,10711.0,10711.0,108866,-179.0
724,13/11/2015,SELL,-1,10719.0,10817.0,10605.5,10677.5,111515,-41.5
725,16/11/2015,SELL,1,10500.0,10820.5,10482.0,10820.5,101360,320.5
726,17/11/2015,SELL,1,10829.0,10978.5,10782.0,10895.0,104308,66.0
727,18/11/2015,HOLD,1,10898.5,11048.5,10876.0,11028.5,89121,130.0
728,19/11/2015,HOLD,1,11050.0,11153.5,11034.5,11050.5,91242,0.5
729,20/11/2015,BUY,1,11064.0,11166.0,11049.0,11101.5,79155,37.5
730,23/11/2015,SELL,-1,11135.0,11143.0,11027.0,11062.0,67284,-73.0
731,24/11/2015,HOLD,-1,11071.0,11083.0,10867.0,10968.0,115206,-103.0
732,25/11/2015,HOLD,1,10977.5,11189.0,10920.0,11158.5,84866,181.0
733,26/11/2015,SELL,1,11175.5,11369.0,11163.0,11305.5,59363,130.0
734,27/11/2015,BUY,1,11251.5,11356.0,11243.0,11304.5,61364,53.0
735,30/11/2015,HOLD,1,11283.0,11433.5,11252.5,11353.5,78843,70.5
736,01/12/2015,HOLD,-1,11415.0,11419.0,11234.0,11295.0,94360,-120.0
737,02/12/2015,HOLD,-1,11314.5,11334.0,11078.5,11116.5,94318,-198.0
738,03/12/2015,SELL,-1,11150.0,11323.5,10641.0,10684.0,192616,-466.0
739,04/12/2015,HOLD,1,10684.0,10879.5,10630.5,10867.5,116022,183.5
740,07/12/2015,HOLD,1,10877.0,10994.5,10805.0,10930.0,92326,53.0
741,08/12/2015,SELL,-1,10885.0,10900.0,10612.5,10676.5,104499,-208.5
742,09/12/2015,HOLD,-1,10689.0,10719.5,10447.5,10502.5,117317,-186.5
743,10/12/2015,HOLD,1,10510.0,10664.0,10497.5,10575.0,80313,65.0
744,11/12/2015,HOLD,-1,10598.0,10606.0,10268.5,10281.0,124629,-317.0
745,14/12/2015,SELL,-1,10350.0,10446.5,10119.5,10287.5,130768,-62.5
746,15/12/2015,SELL,1,10262.0,10489.0,10224.0,10448.0,95213,186.0
747,16/12/2015,HOLD,1,10481.0,10650.0,10421.0,10634.0,86332,153.0
748,17/12/2015,HOLD,1,10627.0,10833.0,10526.0,10691.5,96801,64.5
749,18/12/2015,HOLD,-1,10672.0,10737.5,10514.5,10553.5,92018,-118.5
750,21/12/2015,HOLD,1,10551.0,10803.5,10475.5,10555.5,87778,4.5
751,22/12/2015,HOLD,-1,10595.0,10639.5,10401.5,10568.5,84686,-26.5
752,23/12/2015,SELL,1,10567.5,10767.0,10565.0,10758.0,68684,190.5
753,28/12/2015,HOLD,-1,10727.5,10774.5,10628.5,10702.0,43008,-25.5
754,29/12/2015,HOLD,1,10732.0,10884.0,10731.0,10868.0,49508,136.0
755,30/12/2015,BUY,-1,10884.0,10886.0,10693.5,10729.0,39642,-155.0
756,04/01/2016,BUY,-1,10519.5,10523.5,10250.0,10362.5,122056,-157.0
757,05/01/2016,HOLD,-1,10389.0,10403.5,10172.0,10342.5,96924,-46.5
758,06/01/2016,HOLD,-1,10240.0,10287.5,10093.5,10177.5,106085,-62.5
759,07/01/2016,HOLD,-1,9986.5,10041.0,9810.5,9830.0,145484,-156.5
760,08/01/2016,HOLD,-1,9973.5,10125.5,9723.0,9748.5,127371,-225.0
761,11/01/2016,HOLD,1,9696.5,9980.5,9657.0,9908.5,124235,212.0
762,12/01/2016,HOLD,1,9811.5,10094.5,9776.0,10042.0,111167,230.5
763,13/01/2016,BUY,-1,10107.0,10165.5,9734.5,9778.0,127669,-329.0
764,14/01/2016,HOLD,1,9840.0,9943.5,9612.0,9905.0,159880,65.0
765,15/01/2016,HOLD,-1,9786.0,9834.0,9410.0,9480.5,160705,-305.5
766,18/01/2016,HOLD,-1,9566.0,9660.5,9454.0,9532.0,90496,-34.0
767,19/01/2016,HOLD,-1,9682.5,9760.0,9525.5,9610.0,112059,-72.5
768,20/01/2016,HOLD,1,9390.5,9518.0,9251.5,9468.0,157827,77.5
769,21/01/2016,HOLD,1,9401.0,9667.5,9333.0,9574.5,146550,173.5
770,22/01/2016,SELL,1,9720.0,9841.5,9704.5,9817.5,111733,97.5
771,25/01/2016,HOLD,-1,9840.0,9848.0,9670.0,9671.0,88907,-169.0
772,26/01/2016,SELL,1,9591.5,9870.5,9563.0,9864.5,97545,273.0
773,27/01/2016,HOLD,-1,9817.5,9923.5,9711.0,9758.5,101134,-59.0
774,28/01/2016,HOLD,-1,9789.0,9902.5,9586.0,9663.5,130066,-125.5
775,29/01/2016,BUY,1,9796.0,9836.0,9646.0,9835.0,99317,39.0
776,01/02/2016,BUY,-1,9842.0,9846.0,9630.5,9779.5,94510,-62.5
777,02/02/2016,HOLD,-1,9735.0,9735.0,9478.5,9490.5,115253,-244.5
778,03/02/2016,HOLD,1,9475.0,9574.0,9345.0,9530.0,147812,55.0
779,04/02/2016,HOLD,-1,9602.0,9620.0,9260.5,9374.0,139347,-228.0
780,05/02/2016,HOLD,-1,9360.0,9467.5,9221.0,9245.5,124252,-114.5
781,08/02/2016,SELL,-1,9314.0,9334.5,8915.5,8995.5,158375,-318.5
782,09/02/2016,HOLD,-1,8925.5,9037.5,8767.5,8893.0,172212,-32.5
783,10/02/2016,HOLD,1,8910.5,9125.0,8868.0,8933.5,129223,23.0
784,11/02/2016,BUY,-1,8885.0,8914.5,8690.5,8842.0,154772,-43.0
785,12/02/2016,HOLD,1,8831.0,8991.0,8806.5,8991.0,100855,160.0
786,15/02/2016,BUY,1,9108.0,9245.0,9105.5,9196.5,76327,88.5
787,16/02/2016,HOLD,-1,9262.0,9268.0,9072.0,9198.0,99623,-64.0
788,17/02/2016,HOLD,1,9161.0,9418.0,9130.0,9403.0,94310,242.0
789,18/02/2016,HOLD,1,9391.0,9548.5,9342.5,9443.0,101225,52.0
790,19/02/2016,HOLD,-1,9458.0,9474.0,9316.0,9379.5,95329,-78.5
791,22/02/2016,BUY,1,9435.0,9586.0,9434.0,9560.5,75412,125.5
792,23/02/2016,HOLD,-1,9495.0,9534.0,9394.0,9400.0,91194,-95.0
793,24/02/2016,HOLD,-1,9378.0,9425.0,9120.5,9306.0,130826,-72.0
794,25/02/2016,HOLD,1,9268.0,9398.0,9197.0,9393.0,109093,125.0
795,26/02/2016,SELL,1,9420.0,9575.5,9411.0,9478.5,108907,58.5
796,29/02/2016,BUY,-1,9434.5,9506.5,9326.0,9406.5,108197,-28.0
797,01/03/2016,HOLD,1,9432.0,9776.5,9425.0,9773.5,118012,341.5
798,02/03/2016,HOLD,-1,9811.0,9838.5,9692.0,9780.5,97733,-30.5
799,03/03/2016,HOLD,-1,9806.0,9818.0,9706.0,9785.0,78199,-21.0
800,04/03/2016,HOLD,1,9780.0,9900.0,9738.0,9802.0,101077,22.0
801,07/03/2016,HOLD,-1,9786.5,9809.5,9686.0,9783.0,84058,-3.5
802,08/03/2016,HOLD,-1,9713.0,9788.0,9613.0,9683.0,103139,-30.0
803,09/03/2016,HOLD,1,9713.0,9840.0,9678.0,9713.0,98081,0.0
804,10/03/2016,HOLD,-1,9730.0,9996.5,9394.5,9513.0,202529,-217.0
805,11/03/2016,SELL,1,9629.5,9895.0,9623.5,9895.0,124295,265.5
806,14/03/2016,HOLD,1,9878.0,10040.0,9868.5,9999.0,95717,121.0
807,15/03/2016,BUY,1,9954.0,9976.0,9889.0,9958.0,79257,4.0
808,16/03/2016,HOLD,1,9961.0,10023.5,9916.0,10001.0,99784,40.0
809,17/03/2016,HOLD,-1,10039.5,10069.5,9747.5,9877.0,121446,-162.5
810,18/03/2016,BUY,1,9905.0,9996.0,9855.0,9981.5,91723,76.5
811,21/03/2016,BUY,1,9952.0,10133.0,9893.0,9991.0,92777,39.0
812,22/03/2016,HOLD,1,9988.0,10037.5,9791.0,10031.0,115319,43.0
813,23/03/2016,HOLD,1,10016.0,10153.0,10000.5,10030.0,97235,14.0
814,24/03/2016,HOLD,-1,9999.0,10023.5,9876.5,9934.0,88249,-65.0
815,29/03/2016,HOLD,1,9945.0,9994.0,9845.5,9975.0,89436,30.0
816,30/03/2016,HOLD,1,9988.0,10139.0,9964.0,10072.0,86380,84.0
817,31/03/2016,HOLD,-1,10058.0,10070.5,9963.0,9972.5,88819,-85.5
818,01/04/2016,HOLD,-1,9915.0,9919.0,9712.5,9855.0,141443,-60.0
819,04/04/2016,HOLD,-1,9860.5,9946.0,9767.0,9800.5,114563,-60.0
820,05/04/2016,BUY,-1,9760.0,9760.0,9556.0,9563.0,117263,-197.0
821,06/04/2016,HOLD,1,9617.0,9700.5,9537.5,9700.5,112234,83.5
822,07/04/2016,HOLD,-1,9679.0,9736.0,9472.5,9512.0,115146,-167.0
823,08/04/2016,BUY,1,9579.5,9707.5,9570.0,9645.5,95283,66.0
824,11/04/2016,HOLD,1,9649.5,9784.5,9551.5,9681.5,113936,32.0
825,12/04/2016,BUY,1,9706.0,9829.5,9645.0,9823.5,114235,117.5
826,13/04/2016,HOLD,1,9883.0,10073.0,9883.0,10062.5,112355,179.5
827,14/04/2016,HOLD,1,10075.5,10137.0,10045.5,10122.5,95852,47.0
828,15/04/2016,HOLD,-1,10104.0,10125.0,10043.0,10076.5,81641,-27.5
829,18/04/2016,HOLD,1,9972.5,10183.5,9938.0,10177.0,102692,204.5
830,19/04/2016,HOLD,1,10215.0,10408.0,10181.5,10402.5,119481,187.5
831,20/04/2016,SELL,1,10342.0,10495.0,10313.5,10466.0,102045,124.0
832,21/04/2016,BUY,-1,10495.5,10522.0,10371.0,10430.5,104144,-65.0
833,22/04/2016,SELL,1,10428.0,10462.0,10357.0,10439.0,88564,11.0
834,25/04/2016,SELL,-1,10398.0,10438.0,10261.5,10355.5,110644,-42.5
835,26/04/2016,HOLD,-1,10353.0,10421.5,10243.0,10325.0,105421,-28.0
836,27/04/2016,SELL,1,10283.0,10378.5,10252.0,10362.5,95997,79.5
837,28/04/2016,BUY,-1,10281.5,10364.0,10152.5,10247.5,118411,-34.0
838,29/04/2016,HOLD,-1,10229.0,10282.5,10054.5,10100.5,128503,-128.5
839,02/05/2016,HOLD,1,10080.5,10169.0,10076.0,10151.0,89260,70.5
840,03/05/2016,HOLD,-1,10135.0,10144.0,9930.0,9955.0,116228,-180.0
841,04/05/2016,HOLD,-1,9955.0,9974.5,9817.0,9841.0,102533,-114.0
842,05/05/2016,HOLD,-1,9890.0,9929.0,9805.5,9840.5,80941,-49.5
843,06/05/2016,BUY,1,9814.0,9931.5,9736.0,9927.0,104899,113.0
844,09/05/2016,HOLD,1,9960.0,10076.0,9879.0,9985.0,110681,25.0
845,10/05/2016,HOLD,1,10034.0,10114.5,9993.5,10094.5,95767,60.5
846,11/05/2016,SELL,-1,10060.5,10068.0,9928.0,9937.0,91811,-123.5
847,12/05/2016,HOLD,-1,9967.5,10087.5,9838.5,9891.0,122946,-76.5
848,13/05/2016,HOLD,1,9818.0,9979.5,9761.0,9878.5,108095,60.5
849,17/05/2016,HOLD,-1,9996.5,10079.5,9812.0,9825.0,113858,-171.5
850,18/05/2016,HOLD,1,9835.5,9960.0,9791.0,9925.0,102204,89.5
851,19/05/2016,HOLD,-1,9879.0,9907.0,9766.0,9835.0,118699,-44.0
852,20/05/2016,HOLD,1,9896.5,9921.5,9846.0,9909.5,86235,13.0
853,23/05/2016,HOLD,-1,9929.0,9972.0,9806.0,9839.0,100805,-90.0
854,24/05/2016,HOLD,1,9811.0,10123.0,9767.0,10103.5,121274,292.5
855,25/05/2016,HOLD,1,10140.0,10234.0,10128.5,10200.0,87761,60.0
856,26/05/2016,HOLD,1,10175.5,10287.5,10173.0,10264.5,76162,89.0
857,27/05/2016,HOLD,1,10280.0,10307.5,10241.5,10300.0,58001,20.0
858,30/05/2016,HOLD,1,10325.0,10349.5,10285.0,10342.5,33251,17.5
859,31/05/2016,HOLD,-1,10362.0,10374.5,10229.0,10266.0,76473,-96.0
860,01/06/2016,HOLD,-1,10252.5,10288.0,10160.5,10213.5,93252,-39.0
861,02/06/2016,BUY,1,10178.5,10258.0,10152.5,10255.0,78869,76.5
862,03/06/2016,HOLD,-1,10250.5,10285.5,10037.0,10108.5,110586,-142.0
863,06/06/2016,HOLD,1,10127.5,10153.0,10092.0,10133.5,79294,6.0
864,07/06/2016,SELL,1,10161.0,10319.0,10156.0,10252.0,86707,91.0
865,08/06/2016,HOLD,-1,10253.0,10271.0,10175.5,10230.0,74809,-23.0
866,09/06/2016,BUY,-1,10205.0,10212.0,10043.0,10095.5,95855,-109.5
867,10/06/2016,SELL,-1,10065.0,10081.5,9773.0,9795.0,125638,-270.0
868,13/06/2016,HOLD,-1,9709.5,9757.5,9597.5,9614.0,124474,-95.5
869,14/06/2016,HOLD,-1,9615.0,9632.5,9504.0,9579.5,129920,-35.5
870,15/06/2016,HOLD,1,9565.5,9667.0,9559.5,9583.0,101733,17.5
871,16/06/2016,HOLD,1,9491.0,9664.5,9429.5,9660.0,107082,169.0
872,17/06/2016,HOLD,1,9659.5,9712.5,9565.0,9694.0,110946,34.5
873,20/06/2016,HOLD,1,9865.0,9985.0,9838.0,9910.5,101112,45.5
874,21/06/2016,HOLD,1,9968.0,10111.5,9917.5,10055.5,94426,87.5
875,22/06/2016,HOLD,-1,10097.5,10141.5,10032.5,10035.0,93321,-62.5
876,23/06/2016,HOLD,1,10130.0,10340.0,10090.0,10314.0,106399,184.0
877,24/06/2016,HOLD,1,9350.0,9708.5,9152.5,9476.0,195707,126.0
878,27/06/2016,HOLD,-1,9402.5,9580.5,9201.5,9330.0,147192,-72.5
879,28/06/2016,HOLD,1,9418.5,9544.5,9397.0,9502.0,107376,83.5
880,29/06/2016,HOLD,1,9538.0,9631.5,9493.0,9617.0,93721,79.0
881,30/06/2016,HOLD,1,9616.5,9784.5,9501.0,9733.5,109187,117.0
882,01/07/2016,HOLD,1,9718.5,9795.0,9645.5,9732.0,87246,13.5
883,04/07/2016,HOLD,-1,9760.0,9801.0,9687.0,9716.0,41133,-44.0
884,05/07/2016,HOLD,-1,9692.5,9692.5,9453.5,9483.0,91710,-209.5
885,06/07/2016,HOLD,-1,9438.0,9522.0,9290.0,9414.0,120151,-24.0
886,07/07/2016,HOLD,-1,9425.0,9497.0,9351.5,9393.5,84071,-31.5
887,08/07/2016,HOLD,1,9382.5,9644.5,9356.5,9622.0,86846,239.5
888,11/07/2016,HOLD,1,9712.0,9834.0,9675.5,9770.0,92872,58.0
889,12/07/2016,HOLD,1,9798.5,10005.0,9786.0,9942.5,84937,144.0
890,13/07/2016,HOLD,-1,9929.5,9992.5,9887.5,9915.0,64176,-14.5
891,14/07/2016,BUY,1,9940.0,10101.5,9939.0,10045.0,88964,105.0
892,15/07/2016,HOLD,1,10025.0,10092.0,9964.0,10062.0,69487,37.0
893,18/07/2016,HOLD,-1,10085.0,10154.5,10000.5,10044.0,72122,-41.0
894,19/07/2016,HOLD,-1,10020.0,10043.5,9910.5,9977.0,78663,-43.0
895,20/07/2016,HOLD,1,9992.0,10139.0,9978.5,10119.0,72632,127.0
896,21/07/2016,HOLD,-1,10130.0,10189.0,10078.5,10116.0,80675,-14.0
897,22/07/2016,HOLD,1,10107.0,10174.0,10059.5,10157.5,70483,50.5
898,25/07/2016,HOLD,1,10117.5,10257.0,10107.0,10182.0,74751,64.5
899,26/07/2016,HOLD,1,10210.5,10271.0,10138.5,10253.0,73733,42.5
900,27/07/2016,SELL,1,10282.0,10346.0,10274.5,10282.5,72405,0.5
901,28/07/2016,BUY,1,10305.5,10381.0,10259.0,10347.0,82821,41.5
902,29/07/2016,SELL,-1,10340.0,10354.0,10279.0,10330.5,70373,-9.5
903,01/08/2016,HOLD,-1,10434.0,10472.0,10271.0,10287.0,77316,-147.0
904,02/08/2016,HOLD,-1,10300.0,10336.0,10111.0,10143.5,88857,-156.5
905,03/08/2016,HOLD,1,10129.0,10216.5,10088.0,10206.0,79617,77.0
906,04/08/2016,BUY,1,10233.5,10279.5,10175.5,10234.0,81554,0.5
907,05/08/2016,HOLD,1,10250.0,10374.5,10209.0,10374.5,72980,124.5
908,08/08/2016,HOLD,-1,10427.5,10479.0,10396.5,10425.0,60278,-2.5
909,09/08/2016,HOLD,1,10406.0,10700.5,10406.0,10673.0,91943,267.0
910,10/08/2016,HOLD,-1,10696.5,10714.0,10630.5,10648.0,69005,-48.5
911,11/08/2016,HOLD,1,10676.0,10744.0,10629.0,10725.5,84117,49.5
912,12/08/2016,HOLD,-1,10723.0,10734.5,10680.0,10699.5,58096,-23.5
913,15/08/2016,BUY,1,10721.0,10804.0,10710.5,10726.0,52133,5.0
914,16/08/2016,HOLD,-1,10710.0,10738.5,10630.5,10658.5,77015,-51.5
915,17/08/2016,HOLD,-1,10660.0,10703.0,10512.0,10614.0,88428,-46.0
916,18/08/2016,HOLD,-1,10614.0,10626.5,10546.5,10590.0,56420,-24.0
917,19/08/2016,HOLD,-1,10631.0,10632.5,10487.5,10569.0,80419,-62.0
918,22/08/2016,HOLD,-1,10528.0,10657.0,10386.0,10510.0,92477,-18.0
919,23/08/2016,SELL,1,10519.5,10625.0,10509.5,10583.0,67283,63.5
920,24/08/2016,HOLD,1,10555.0,10653.5,10513.5,10587.0,76563,32.0
921,25/08/2016,BUY,-1,10619.0,10619.0,10466.0,10510.0,82317,-109.0
922,26/08/2016,HOLD,1,10507.0,10616.0,10452.5,10520.0,88075,13.0
923,29/08/2016,SELL,1,10519.0,10572.5,10436.0,10572.5,64123,53.5
924,30/08/2016,HOLD,1,10569.5,10690.0,10568.5,10656.5,74863,87.0
925,31/08/2016,HOLD,-1,10645.0,10665.5,10551.0,10586.5,79283,-58.5
926,01/09/2016,HOLD,-1,10612.5,10678.0,10488.5,10562.5,98070,-50.0
927,02/09/2016,HOLD,1,10561.5,10727.0,10512.5,10716.0,97265,154.5
928,05/09/2016,BUY,-1,10750.0,10754.5,10670.0,10684.5,48671,-65.5
929,06/09/2016,HOLD,1,10692.0,10741.5,10653.5,10707.0,77277,15.0
930,07/09/2016,HOLD,1,10717.5,10777.5,10657.0,10742.5,83441,25.0
931,08/09/2016,HOLD,-1,10751.0,10780.5,10566.0,10661.0,107951,-90.0
932,09/09/2016,HOLD,-1,10664.5,10671.5,10466.0,10466.0,104636,-198.5
933,12/09/2016,BUY,1,10390.0,10547.0,10320.0,10547.0,137463,157.0
934,13/09/2016,HOLD,-1,10525.0,10526.0,10351.0,10417.0,114476,-108.0
935,14/09/2016,BUY,-1,10435.0,10453.0,10347.5,10364.5,92057,-70.5
936,15/09/2016,HOLD,1,10345.0,10476.0,10335.0,10447.0,93384,102.0
937,16/09/2016,HOLD,-1,10402.0,10419.0,10236.0,10283.0,120872,-119.0
938,19/09/2016,HOLD,1,10336.0,10377.0,10314.0,10338.5,72114,2.5
939,20/09/2016,HOLD,1,10341.0,10459.0,10341.0,10386.5,81718,45.5
940,21/09/2016,SELL,1,10436.5,10527.5,10394.0,10503.0,100310,66.5
941,22/09/2016,BUY,1,10500.0,10698.0,10482.0,10673.0,115123,173.0
942,23/09/2016,HOLD,-1,10672.0,10672.0,10595.0,10604.0,72403,-68.0
943,26/09/2016,HOLD,-1,10550.0,10570.0,10369.0,10379.0,98958,-171.0
944,27/09/2016,HOLD,-1,10439.5,10456.0,10252.5,10391.5,107123,-48.0
945,28/09/2016,HOLD,1,10367.0,10514.0,10361.5,10500.0,108676,133.0
946,29/09/2016,HOLD,-1,10529.0,10568.0,10246.5,10288.0,124388,-241.0
947,30/09/2016,HOLD,1,10240.0,10543.5,10173.5,10527.0,134391,287.0
948,04/10/2016,HOLD,1,10500.0,10637.5,10478.0,10547.0,122680,47.0
949,05/10/2016,HOLD,1,10590.0,10614.5,10471.5,10590.5,79010,0.5
950,06/10/2016,BUY,1,10590.0,10637.0,10524.5,10595.5,86138,5.5
951,07/10/2016,HOLD,-1,10560.5,10573.0,10442.0,10469.0,126489,-91.5
952,10/10/2016,SELL,1,10496.0,10646.0,10442.5,10606.5,91313,110.5
953,11/10/2016,BUY,-1,10587.0,10684.5,10536.5,10561.0,97887,-26.0
954,12/10/2016,HOLD,-1,10575.0,10595.0,10492.5,10535.0,89847,-40.0
955,13/10/2016,HOLD,-1,10453.0,10466.0,10337.0,10447.0,116377,-6.0
956,14/10/2016,HOLD,1,10460.0,10610.0,10432.5,10580.0,99774,120.0
957,17/10/2016,HOLD,-1,10521.5,10576.5,10479.0,10503.0,85115,-18.5
958,18/10/2016,HOLD,1,10550.5,10652.0,10531.5,10621.0,78619,70.5
959,19/10/2016,HOLD,1,10615.5,10668.5,10581.0,10647.0,64364,31.5
960,20/10/2016,HOLD,1,10676.5,10744.5,10585.0,10709.0,86660,32.5
961,21/10/2016,HOLD,1,10695.0,10732.5,10664.5,10717.5,62466,22.5
962,24/10/2016,HOLD,1,10699.0,10818.0,10698.5,10760.0,65137,61.0
963,25/10/2016,HOLD,-1,10789.0,10826.0,10735.5,10768.0,69919,-21.0
964,26/10/2016,SELL,-1,10770.0,10770.0,10625.0,10694.0,93101,-76.0
965,27/10/2016,HOLD,1,10642.0,10771.0,10641.0,10696.0,100655,54.0
966,28/10/2016,SELL,-1,10680.0,10712.5,10571.5,10654.0,117449,-26.0
967,31/10/2016,HOLD,1,10680.0,10689.0,10627.5,10681.0,74241,1.0
968,01/11/2016,HOLD,-1,10720.0,10739.0,10451.0,10490.0,121059,-230.0
969,02/11/2016,HOLD,-1,10439.0,10465.5,10323.0,10373.0,111289,-66.0
970,03/11/2016,HOLD,-1,10379.5,10404.0,10290.5,10294.0,95915,-85.5
971,04/11/2016,HOLD,-1,10315.0,10320.0,10196.5,10217.5,107110,-97.5
972,07/11/2016,HOLD,1,10439.0,10469.5,10375.5,10469.5,93514,30.5
973,08/11/2016,HOLD,1,10440.0,10550.0,10407.5,10541.5,81347,101.5
974,09/11/2016,HOLD,1,10025.0,10678.5,10013.0,10659.5,198190,634.5
975,10/11/2016,HOLD,-1,10686.0,10794.5,10570.0,10669.0,162842,-17.0
976,11/11/2016,HOLD,1,10672.0,10709.5,10581.5,10690.5,109679,18.5
977,14/11/2016,HOLD,-1,10765.0,10798.0,10664.5,10699.5,111561,-65.5
978,15/11/2016,HOLD,1,10704.0,10757.0,10660.5,10757.0,81120,53.0
979,16/11/2016,SELL,-1,10778.0,10782.0,10606.0,10658.5,97455,-119.5
980,17/11/2016,HOLD,1,10677.0,10733.0,10597.5,10733.0,81861,56.0
981,18/11/2016,HOLD,-1,10732.0,10747.5,10644.5,10663.5,87418,-68.5
982,21/11/2016,HOLD,1,10688.0,10727.0,10587.5,10708.0,83765,20.0
983,22/11/2016,HOLD,-1,10768.5,10781.5,10698.0,10743.5,76018,-25.0
984,23/11/2016,HOLD,-1,10743.5,10745.5,10599.5,10680.0,98976,-63.5
985,24/11/2016,HOLD,1,10677.0,10717.0,10648.5,10696.0,47938,19.0
986,25/11/2016,HOLD,-1,10705.0,10714.5,10646.0,10697.0,48782,-8.0
987,28/11/2016,BUY,-1,10679.0,10689.5,10550.5,10551.0,103725,-128.0
988,29/11/2016,HOLD,1,10568.0,10645.0,10536.0,10625.0,88183,57.0
989,30/11/2016,HOLD,-1,10625.0,10693.0,10602.0,10610.0,87088,-15.0
990,01/12/2016,HOLD,-1,10610.0,10626.0,10477.5,10482.0,125861,-128.0
991,02/12/2016,HOLD,1,10471.0,10545.0,10400.0,10528.5,105241,57.5
992,05/12/2016,BUY,1,10444.0,10741.5,10420.0,10711.5,135120,267.5
993,06/12/2016,HOLD,1,10706.0,10840.0,10664.0,10831.0,100259,125.0
994,07/12/2016,HOLD,1,10864.0,11086.0,10844.5,11048.0,107452,184.0
995,08/12/2016,HOLD,1,11026.0,11206.0,10980.0,11173.0,120865,147.0
996,09/12/2016,HOLD,1,11179.0,11238.5,11143.5,11230.0,79864,51.0
997,12/12/2016,HOLD,-1,11248.5,11248.5,11141.0,11171.5,79921,-77.0
998,13/12/2016,HOLD,1,11177.0,11308.5,11174.0,11278.5,82326,101.5
999,14/12/2016,HOLD,-1,11275.0,11322.0,11221.0,11242.0,79357,-33.0
1000,15/12/2016,HOLD,1,11269.5,11399.0,11257.0,11375.0,93312,105.5
1001,16/12/2016,HOLD,1,11366.5,11451.5,11351.0,11398.0,93036,31.5
1002,19/12/2016,SELL,-1,11419.0,11431.5,11377.0,11400.0,51808,-19.0
1003,20/12/2016,HOLD,1,11415.5,11476.5,11408.5,11455.5,53748,40.0
1004,21/12/2016,SELL,1,11447.0,11483.0,11444.0,11463.0,44181,16.0
1005,22/12/2016,HOLD,1,11448.0,11478.5,11428.0,11453.5,43517,5.5
1006,23/12/2016,HOLD,-1,11462.0,11487.0,11406.0,11456.0,34618,-6.0
1007,27/12/2016,HOLD,1,11426.0,11483.5,11425.5,11461.0,23628,35.0
1008,28/12/2016,HOLD,-1,11473.0,11481.0,11433.0,11446.0,31721,-27.0
1009,29/12/2016,HOLD,-1,11451.5,11465.0,11412.5,11441.0,39440,-10.5
1010,30/12/2016,HOLD,-1,11456.0,11486.0,11403.0,11445.0,45552,-11.0
1011,02/01/2017,HOLD,1,11425.0,11622.5,11402.5,11589.5,31393,164.5
1012,03/01/2017,HOLD,-1,11610.0,11649.5,11551.0,11592.0,79658,-18.0
1013,04/01/2017,HOLD,-1,11597.0,11617.5,11528.5,11588.5,63909,-8.5
1014,05/01/2017,HOLD,1,11548.0,11602.0,11529.5,11572.5,66587,24.5
1015,06/01/2017,HOLD,1,11564.5,11618.0,11541.5,11603.5,57169,39.0
1016,09/01/2017,HOLD,-1,11630.0,11631.5,11519.0,11550.5,64380,-79.5
1017,10/01/2017,HOLD,1,11544.0,11603.0,11541.0,11575.5,60023,31.5
1018,11/01/2017,HOLD,1,11575.0,11692.5,11520.0,11658.5,106082,83.5
1019,12/01/2017,SELL,-1,11618.0,11625.5,11488.0,11555.5,84876,-62.5
1020,13/01/2017,HOLD,1,11574.0,11635.0,11553.0,11613.5,61980,39.5
1021,16/01/2017,HOLD,-1,11564.0,11578.0,11527.5,11559.0,40950,-5.0
1022,17/01/2017,HOLD,1,11539.0,11587.0,11423.0,11547.5,104648,8.5
1023,18/01/2017,HOLD,1,11586.5,11625.5,11529.0,11625.5,61722,39.0
1024,19/01/2017,HOLD,-1,11630.0,11644.5,11558.5,11575.5,68798,-54.5
1025,20/01/2017,HOLD,1,11592.5,11634.0,11545.0,11615.5,74237,23.0
1026,23/01/2017,HOLD,1,11564.0,11607.0,11506.5,11565.0,89515,1.0
1027,24/01/2017,HOLD,1,11573.5,11645.0,11539.0,11631.0,60075,57.5
1028,25/01/2017,HOLD,1,11645.0,11831.5,11638.0,11823.0,86138,178.0
1029,26/01/2017,BUY,-1,11845.0,11895.0,11821.0,11833.5,67666,-11.5
1030,27/01/2017,HOLD,-1,11840.0,11854.5,11800.5,11809.0,54080,-31.0
1031,30/01/2017,HOLD,-1,11778.0,11796.5,11662.5,11709.5,76969,-68.5
1032,31/01/2017,HOLD,-1,11677.0,11735.0,11535.0,11592.5,100311,-84.5
1033,01/02/2017,HOLD,1,11640.0,11725.0,11611.5,11665.0,82138,25.0
1034,02/02/2017,HOLD,1,11617.0,11673.0,11594.0,11647.0,74090,30.0
1035,03/02/2017,HOLD,1,11620.5,11701.0,11620.5,11657.5,68322,37.0
1036,06/02/2017,HOLD,-1,11647.0,11678.5,11476.0,11506.0,109271,-141.0
1037,07/02/2017,HOLD,1,11476.5,11604.0,11460.0,11560.0,79882,83.5
1038,08/02/2017,HOLD,-1,11569.0,11588.0,11475.0,11555.5,87111,-13.5
1039,09/02/2017,HOLD,1,11570.0,11658.0,11541.5,11640.5,85106,70.5
1040,10/02/2017,HOLD,-1,11675.0,11717.5,11639.5,11660.5,71011,-14.5
1041,13/02/2017,HOLD,1,11665.5,11809.0,11664.0,11772.5,69240,107.0
1042,14/02/2017,HOLD,1,11768.0,11801.0,11747.5,11793.5,61378,25.5
1043,15/02/2017,BUY,-1,11810.0,11846.0,11718.0,11799.0,70650,-11.0
1044,16/02/2017,HOLD,-1,11781.0,11811.5,11723.5,11775.5,63254,-5.5
1045,17/02/2017,HOLD,1,11748.5,11796.0,11688.0,11790.5,78335,42.0
1046,20/02/2017,HOLD,-1,11820.0,11858.0,11801.0,11819.0,43832,-1.0
1047,21/02/2017,HOLD,1,11825.5,11996.0,11795.0,11987.5,80027,162.0
1048,22/02/2017,SELL,1,11992.5,12030.0,11964.5,11994.5,72296,2.0
1049,23/02/2017,HOLD,-1,12002.5,12014.5,11924.0,11959.0,62310,-43.5
1050,24/02/2017,HOLD,-1,11932.5,11935.0,11719.0,11828.5,105486,-104.0
1051,27/02/2017,HOLD,1,11835.0,11864.0,11790.5,11848.5,61778,13.5
1052,28/02/2017,SELL,-1,11848.0,11852.5,11776.5,11824.0,64599,-24.0
1053,01/03/2017,HOLD,1,11864.5,12099.5,11857.0,12076.5,91272,212.0
1054,02/03/2017,HOLD,-1,12072.5,12089.0,12038.0,12048.0,52740,-24.5
1055,03/03/2017,HOLD,1,12008.5,12056.0,11987.5,12017.0,70166,8.5
1056,06/03/2017,HOLD,-1,11993.5,12001.0,11917.0,11980.0,65205,-13.5
1057,07/03/2017,HOLD,-1,11989.0,11989.0,11931.0,11953.0,52459,-36.0
1058,08/03/2017,SELL,1,11929.5,12019.0,11912.0,11938.5,82285,9.0
1059,09/03/2017,HOLD,1,11945.0,12025.0,11915.5,11981.0,77857,36.0
1060,10/03/2017,HOLD,-1,12008.5,12068.0,11931.0,11950.0,81693,-58.5
1061,13/03/2017,HOLD,1,11955.0,12017.0,11944.5,12004.5,49425,49.5
1062,14/03/2017,HOLD,-1,12011.5,12011.5,11927.5,11990.0,72476,-21.5
1063,15/03/2017,HOLD,1,12000.0,12064.0,11976.5,12057.0,63829,57.0
1064,16/03/2017,HOLD,-1,12100.0,12178.5,12043.0,12075.0,74866,-25.0
1065,17/03/2017,HOLD,1,12083.0,12149.5,12048.5,12115.5,69521,32.5
1066,20/03/2017,HOLD,-1,12074.5,12111.5,12058.0,12073.0,48725,-1.5
1067,21/03/2017,HOLD,-1,12097.0,12142.0,11923.5,11932.0,111073,-165.0
1068,22/03/2017,HOLD,1,11904.5,11977.5,11878.5,11965.0,87164,60.5
1069,23/03/2017,HOLD,1,11973.0,12075.0,11922.5,12046.5,90231,73.5
1070,24/03/2017,BUY,1,12065.5,12130.5,12036.5,12105.5,71424,40.0
1071,27/03/2017,BUY,1,12027.5,12062.0,11942.5,12061.0,88219,33.5
1072,28/03/2017,HOLD,1,12090.0,12215.0,12070.5,12202.0,80491,112.0
1073,29/03/2017,HOLD,1,12195.0,12265.5,12191.5,12230.5,66137,35.5
1074,30/03/2017,HOLD,1,12234.0,12286.0,12223.5,12282.5,57212,48.5
1075,31/03/2017,BUY,1,12250.0,12367.0,12241.5,12345.0,67712,95.0
1076,03/04/2017,SELL,-1,12363.0,12411.5,12234.0,12308.0,85659,-55.0
1077,04/04/2017,HOLD,1,12282.0,12326.5,12253.0,12324.5,61498,42.5
1078,05/04/2017,HOLD,-1,12326.5,12326.5,12193.0,12193.0,79845,-133.5
1079,06/04/2017,HOLD,1,12167.0,12270.0,12142.0,12245.0,87061,78.0
1080,07/04/2017,HOLD,1,12211.5,12279.5,12168.0,12257.5,74091,46.0
1081,10/04/2017,HOLD,-1,12262.5,12297.5,12200.5,12210.5,61628,-52.0
1082,11/04/2017,HOLD,1,12200.5,12248.0,12070.0,12208.5,109065,8.0
1083,12/04/2017,HOLD,-1,12200.0,12268.0,12144.0,12154.0,90303,-46.0
1084,13/04/2017,HOLD,-1,12171.0,12179.5,12090.5,12112.0,77383,-59.0
1085,18/04/2017,HOLD,-1,12185.0,12210.0,11980.5,12014.5,107347,-170.5
