,Predictions,Date
0,1.0,05/07/2004
1,1.0,06/07/2004
2,-1.0,07/07/2004
3,1.0,08/07/2004
4,-1.0,09/07/2004
5,-1.0,12/07/2004
6,-1.0,13/07/2004
7,-1.0,14/07/2004
8,1.0,15/07/2004
9,-1.0,16/07/2004
10,1.0,19/07/2004
11,-1.0,20/07/2004
12,-1.0,21/07/2004
13,-1.0,22/07/2004
14,-1.0,23/07/2004
15,1.0,26/07/2004
16,-1.0,27/07/2004
17,-1.0,28/07/2004
18,-1.0,29/07/2004
19,1.0,30/07/2004
20,-1.0,02/08/2004
21,-1.0,03/08/2004
22,1.0,04/08/2004
23,1.0,05/08/2004
24,1.0,06/08/2004
25,1.0,09/08/2004
26,-1.0,10/08/2004
27,-1.0,11/08/2004
28,1.0,12/08/2004
29,1.0,13/08/2004
30,-1.0,16/08/2004
31,1.0,17/08/2004
32,-1.0,18/08/2004
33,1.0,19/08/2004
34,-1.0,20/08/2004
35,1.0,23/08/2004
36,1.0,24/08/2004
37,-1.0,25/08/2004
38,1.0,26/08/2004
39,-1.0,27/08/2004
40,1.0,30/08/2004
41,-1.0,31/08/2004
42,-1.0,01/09/2004
43,-1.0,02/09/2004
44,-1.0,03/09/2004
45,-1.0,06/09/2004
46,-1.0,07/09/2004
47,-1.0,08/09/2004
48,-1.0,09/09/2004
49,1.0,10/09/2004
50,-1.0,13/09/2004
51,-1.0,14/09/2004
52,-1.0,15/09/2004
53,1.0,16/09/2004
54,-1.0,17/09/2004
55,-1.0,20/09/2004
56,-1.0,21/09/2004
57,-1.0,22/09/2004
58,1.0,23/09/2004
59,1.0,24/09/2004
60,-1.0,27/09/2004
61,1.0,28/09/2004
62,1.0,29/09/2004
63,-1.0,30/09/2004
64,1.0,01/10/2004
65,-1.0,04/10/2004
66,1.0,05/10/2004
67,-1.0,06/10/2004
68,-1.0,07/10/2004
69,1.0,08/10/2004
70,1.0,11/10/2004
71,-1.0,12/10/2004
72,-1.0,13/10/2004
73,-1.0,14/10/2004
74,-1.0,15/10/2004
75,-1.0,18/10/2004
76,-1.0,19/10/2004
77,1.0,20/10/2004
78,-1.0,21/10/2004
79,1.0,22/10/2004
80,1.0,25/10/2004
81,-1.0,26/10/2004
82,1.0,27/10/2004
83,-1.0,28/10/2004
84,1.0,29/10/2004
85,-1.0,01/11/2004
86,-1.0,02/11/2004
87,-1.0,03/11/2004
88,-1.0,04/11/2004
89,-1.0,05/11/2004
90,1.0,08/11/2004
91,-1.0,09/11/2004
92,-1.0,10/11/2004
93,-1.0,11/11/2004
94,-1.0,12/11/2004
95,-1.0,15/11/2004
96,-1.0,16/11/2004
97,1.0,17/11/2004
98,-1.0,18/11/2004
99,1.0,19/11/2004
100,1.0,22/11/2004
101,-1.0,23/11/2004
102,1.0,24/11/2004
103,-1.0,25/11/2004
104,-1.0,26/11/2004
105,-1.0,29/11/2004
106,1.0,30/11/2004
107,1.0,01/12/2004
108,-1.0,02/12/2004
109,1.0,03/12/2004
110,-1.0,06/12/2004
111,1.0,07/12/2004
112,-1.0,08/12/2004
113,-1.0,09/12/2004
114,-1.0,10/12/2004
115,-1.0,13/12/2004
116,1.0,14/12/2004
117,-1.0,15/12/2004
118,-1.0,16/12/2004
119,1.0,17/12/2004
120,1.0,20/12/2004
121,-1.0,21/12/2004
122,1.0,22/12/2004
123,-1.0,23/12/2004
124,-1.0,27/12/2004
125,-1.0,28/12/2004
126,-1.0,29/12/2004
127,-1.0,30/12/2004
128,-1.0,31/12/2004
129,1.0,03/01/2005
130,1.0,04/01/2005
131,1.0,05/01/2005
132,1.0,06/01/2005
133,-1.0,07/01/2005
134,-1.0,10/01/2005
135,1.0,11/01/2005
136,-1.0,12/01/2005
137,-1.0,13/01/2005
138,-1.0,14/01/2005
139,1.0,17/01/2005
140,-1.0,18/01/2005
141,-1.0,19/01/2005
142,1.0,20/01/2005
143,1.0,21/01/2005
144,1.0,24/01/2005
145,-1.0,25/01/2005
146,-1.0,26/01/2005
147,-1.0,27/01/2005
148,1.0,28/01/2005
149,1.0,31/01/2005
150,-1.0,01/02/2005
151,1.0,02/02/2005
152,1.0,03/02/2005
153,-1.0,04/02/2005
154,-1.0,07/02/2005
155,1.0,08/02/2005
156,-1.0,09/02/2005
157,1.0,10/02/2005
158,1.0,11/02/2005
159,1.0,14/02/2005
160,1.0,15/02/2005
161,-1.0,16/02/2005
162,1.0,17/02/2005
163,1.0,18/02/2005
164,1.0,21/02/2005
165,-1.0,22/02/2005
166,1.0,23/02/2005
167,1.0,24/02/2005
168,-1.0,25/02/2005
169,-1.0,28/02/2005
170,1.0,01/03/2005
171,-1.0,02/03/2005
172,-1.0,03/03/2005
173,1.0,04/03/2005
174,1.0,07/03/2005
175,1.0,08/03/2005
176,1.0,09/03/2005
177,1.0,10/03/2005
178,1.0,11/03/2005
179,1.0,14/03/2005
180,-1.0,15/03/2005
181,1.0,16/03/2005
182,1.0,17/03/2005
183,1.0,18/03/2005
184,1.0,21/03/2005
185,1.0,22/03/2005
186,1.0,23/03/2005
187,1.0,24/03/2005
188,-1.0,28/03/2005
189,-1.0,29/03/2005
190,-1.0,30/03/2005
191,1.0,31/03/2005
192,1.0,01/04/2005
193,-1.0,04/04/2005
194,1.0,05/04/2005
195,1.0,06/04/2005
196,1.0,07/04/2005
197,-1.0,08/04/2005
198,1.0,11/04/2005
199,1.0,12/04/2005
200,-1.0,13/04/2005
201,-1.0,14/04/2005
202,1.0,15/04/2005
203,-1.0,18/04/2005
204,1.0,19/04/2005
205,1.0,20/04/2005
206,1.0,21/04/2005
207,1.0,22/04/2005
208,1.0,25/04/2005
209,1.0,26/04/2005
210,1.0,27/04/2005
211,1.0,28/04/2005
212,1.0,29/04/2005
213,-1.0,02/05/2005
214,1.0,03/05/2005
215,1.0,04/05/2005
216,-1.0,05/05/2005
217,1.0,06/05/2005
218,1.0,09/05/2005
219,1.0,10/05/2005
220,1.0,11/05/2005
221,1.0,12/05/2005
222,1.0,13/05/2005
223,-1.0,16/05/2005
224,-1.0,17/05/2005
225,1.0,18/05/2005
226,1.0,19/05/2005
227,1.0,20/05/2005
228,1.0,23/05/2005
229,1.0,24/05/2005
230,1.0,25/05/2005
231,1.0,26/05/2005
232,-1.0,27/05/2005
233,1.0,30/05/2005
234,1.0,31/05/2005
235,-1.0,01/06/2005
236,1.0,02/06/2005
237,1.0,03/06/2005
238,-1.0,06/06/2005
239,-1.0,07/06/2005
240,1.0,08/06/2005
241,-1.0,09/06/2005
242,1.0,10/06/2005
243,1.0,13/06/2005
244,-1.0,14/06/2005
245,1.0,15/06/2005
246,1.0,16/06/2005
247,-1.0,17/06/2005
248,1.0,20/06/2005
249,1.0,21/06/2005
250,1.0,22/06/2005
251,1.0,23/06/2005
252,-1.0,24/06/2005
253,-1.0,27/06/2005
254,-1.0,28/06/2005
255,-1.0,29/06/2005
256,1.0,30/06/2005
257,1.0,01/07/2005
258,1.0,04/07/2005
259,-1.0,05/07/2005
260,-1.0,06/07/2005
261,1.0,07/07/2005
262,-1.0,08/07/2005
263,1.0,11/07/2005
264,1.0,12/07/2005
265,1.0,13/07/2005
266,1.0,14/07/2005
267,-1.0,15/07/2005
268,-1.0,18/07/2005
269,-1.0,19/07/2005
270,1.0,20/07/2005
271,-1.0,21/07/2005
272,1.0,22/07/2005
273,1.0,25/07/2005
274,1.0,26/07/2005
275,1.0,27/07/2005
276,1.0,28/07/2005
277,1.0,29/07/2005
278,1.0,01/08/2005
279,1.0,02/08/2005
280,-1.0,03/08/2005
281,-1.0,04/08/2005
282,-1.0,05/08/2005
283,1.0,08/08/2005
284,1.0,09/08/2005
285,1.0,10/08/2005
286,1.0,11/08/2005
287,1.0,12/08/2005
288,-1.0,15/08/2005
289,1.0,16/08/2005
290,1.0,17/08/2005
291,1.0,18/08/2005
292,1.0,19/08/2005
293,1.0,22/08/2005
294,-1.0,23/08/2005
295,1.0,24/08/2005
296,1.0,25/08/2005
297,1.0,26/08/2005
298,1.0,29/08/2005
299,-1.0,30/08/2005
300,1.0,31/08/2005
301,1.0,01/09/2005
302,-1.0,02/09/2005
303,1.0,05/09/2005
304,-1.0,06/09/2005
305,-1.0,07/09/2005
306,-1.0,08/09/2005
307,-1.0,09/09/2005
308,-1.0,12/09/2005
309,1.0,13/09/2005
310,1.0,14/09/2005
311,1.0,15/09/2005
312,1.0,16/09/2005
313,1.0,19/09/2005
314,1.0,20/09/2005
315,-1.0,21/09/2005
316,1.0,22/09/2005
317,1.0,23/09/2005
318,1.0,26/09/2005
319,1.0,27/09/2005
320,1.0,28/09/2005
321,1.0,29/09/2005
322,1.0,30/09/2005
323,1.0,03/10/2005
324,1.0,04/10/2005
325,-1.0,05/10/2005
326,-1.0,06/10/2005
327,1.0,07/10/2005
328,1.0,10/10/2005
329,1.0,11/10/2005
330,1.0,12/10/2005
331,-1.0,13/10/2005
332,1.0,14/10/2005
333,1.0,17/10/2005
334,-1.0,18/10/2005
335,-1.0,19/10/2005
336,-1.0,20/10/2005
337,1.0,21/10/2005
338,1.0,24/10/2005
339,1.0,25/10/2005
340,1.0,26/10/2005
341,1.0,27/10/2005
342,-1.0,28/10/2005
343,1.0,31/10/2005
344,1.0,01/11/2005
345,-1.0,02/11/2005
346,1.0,03/11/2005
347,1.0,04/11/2005
348,-1.0,07/11/2005
349,1.0,08/11/2005
350,1.0,09/11/2005
351,-1.0,10/11/2005
352,1.0,11/11/2005
353,1.0,14/11/2005
354,-1.0,15/11/2005
355,1.0,16/11/2005
356,-1.0,17/11/2005
357,1.0,18/11/2005
358,1.0,21/11/2005
359,-1.0,22/11/2005
360,1.0,23/11/2005
361,1.0,24/11/2005
362,-1.0,25/11/2005
363,-1.0,28/11/2005
364,1.0,29/11/2005
365,-1.0,30/11/2005
366,1.0,01/12/2005
367,1.0,02/12/2005
368,1.0,05/12/2005
369,1.0,06/12/2005
370,1.0,07/12/2005
371,1.0,08/12/2005
372,1.0,09/12/2005
373,-1.0,12/12/2005
374,1.0,13/12/2005
375,1.0,14/12/2005
376,1.0,15/12/2005
377,-1.0,16/12/2005
378,1.0,19/12/2005
379,1.0,20/12/2005
380,1.0,21/12/2005
381,1.0,22/12/2005
382,1.0,23/12/2005
383,-1.0,27/12/2005
384,1.0,28/12/2005
385,1.0,29/12/2005
386,1.0,30/12/2005
387,-1.0,03/01/2006
388,1.0,04/01/2006
389,1.0,05/01/2006
390,-1.0,06/01/2006
391,1.0,09/01/2006
392,1.0,10/01/2006
393,1.0,11/01/2006
394,1.0,12/01/2006
395,1.0,13/01/2006
396,1.0,17/01/2006
397,1.0,18/01/2006
398,1.0,19/01/2006
399,-1.0,20/01/2006
400,1.0,23/01/2006
401,1.0,24/01/2006
402,1.0,25/01/2006
403,1.0,26/01/2006
404,1.0,27/01/2006
405,1.0,30/01/2006
406,-1.0,31/01/2006
407,1.0,01/02/2006
408,-1.0,02/02/2006
409,1.0,03/02/2006
410,1.0,06/02/2006
411,1.0,07/02/2006
412,1.0,08/02/2006
413,1.0,09/02/2006
414,1.0,10/02/2006
415,1.0,13/02/2006
416,1.0,14/02/2006
417,1.0,15/02/2006
418,1.0,16/02/2006
419,1.0,17/02/2006
420,1.0,20/02/2006
421,1.0,21/02/2006
422,1.0,22/02/2006
423,-1.0,23/02/2006
424,1.0,24/02/2006
425,1.0,27/02/2006
426,1.0,28/02/2006
427,1.0,01/03/2006
428,1.0,02/03/2006
429,1.0,03/03/2006
430,-1.0,06/03/2006
431,1.0,07/03/2006
432,1.0,08/03/2006
433,1.0,09/03/2006
434,1.0,10/03/2006
435,1.0,13/03/2006
436,1.0,14/03/2006
437,1.0,15/03/2006
438,1.0,16/03/2006
439,1.0,17/03/2006
440,-1.0,20/03/2006
441,1.0,21/03/2006
442,1.0,22/03/2006
443,1.0,23/03/2006
444,1.0,24/03/2006
445,-1.0,27/03/2006
446,1.0,28/03/2006
447,1.0,29/03/2006
448,-1.0,30/03/2006
449,1.0,31/03/2006
450,1.0,03/04/2006
451,1.0,04/04/2006
452,1.0,05/04/2006
453,1.0,06/04/2006
454,1.0,07/04/2006
455,1.0,10/04/2006
456,-1.0,11/04/2006
457,-1.0,12/04/2006
458,1.0,13/04/2006
459,1.0,17/04/2006
460,-1.0,18/04/2006
461,1.0,19/04/2006
462,1.0,20/04/2006
463,1.0,21/04/2006
464,-1.0,24/04/2006
465,1.0,25/04/2006
466,1.0,26/04/2006
467,1.0,27/04/2006
468,-1.0,28/04/2006
469,1.0,01/05/2006
470,1.0,02/05/2006
471,1.0,03/05/2006
472,1.0,04/05/2006
473,-1.0,05/05/2006
474,-1.0,08/05/2006
475,1.0,09/05/2006
476,1.0,10/05/2006
477,-1.0,11/05/2006
478,1.0,12/05/2006
479,1.0,15/05/2006
480,1.0,16/05/2006
481,-1.0,17/05/2006
482,-1.0,18/05/2006
483,1.0,19/05/2006
484,-1.0,22/05/2006
485,1.0,23/05/2006
486,1.0,24/05/2006
487,-1.0,25/05/2006
488,-1.0,26/05/2006
489,-1.0,29/05/2006
490,1.0,30/05/2006
491,1.0,31/05/2006
492,-1.0,01/06/2006
493,1.0,02/06/2006
494,1.0,05/06/2006
495,1.0,06/06/2006
496,1.0,07/06/2006
497,1.0,08/06/2006
498,-1.0,09/06/2006
499,-1.0,12/06/2006
500,-1.0,13/06/2006
501,1.0,14/06/2006
502,1.0,15/06/2006
503,1.0,16/06/2006
504,1.0,19/06/2006
505,1.0,20/06/2006
506,1.0,21/06/2006
507,-1.0,22/06/2006
508,1.0,23/06/2006
509,-1.0,26/06/2006
510,1.0,27/06/2006
511,-1.0,28/06/2006
512,1.0,29/06/2006
513,1.0,30/06/2006
514,1.0,03/07/2006
515,1.0,05/07/2006
516,1.0,06/07/2006
517,1.0,07/07/2006
518,1.0,10/07/2006
519,1.0,11/07/2006
520,1.0,12/07/2006
521,1.0,13/07/2006
522,1.0,14/07/2006
523,1.0,17/07/2006
524,1.0,18/07/2006
525,-1.0,19/07/2006
526,-1.0,20/07/2006
527,1.0,21/07/2006
528,1.0,24/07/2006
529,-1.0,25/07/2006
530,-1.0,26/07/2006
531,1.0,27/07/2006
532,-1.0,28/07/2006
533,1.0,31/07/2006
534,-1.0,01/08/2006
535,1.0,02/08/2006
536,1.0,03/08/2006
537,1.0,04/08/2006
538,1.0,07/08/2006
539,-1.0,08/08/2006
540,1.0,09/08/2006
541,-1.0,10/08/2006
542,-1.0,11/08/2006
543,1.0,14/08/2006
544,-1.0,15/08/2006
545,1.0,16/08/2006
546,1.0,17/08/2006
547,1.0,18/08/2006
548,1.0,21/08/2006
549,1.0,22/08/2006
550,-1.0,23/08/2006
551,1.0,24/08/2006
552,1.0,25/08/2006
553,1.0,28/08/2006
554,-1.0,29/08/2006
555,1.0,30/08/2006
556,1.0,31/08/2006
557,1.0,01/09/2006
558,1.0,04/09/2006
559,1.0,05/09/2006
560,-1.0,06/09/2006
561,-1.0,07/09/2006
562,1.0,08/09/2006
563,1.0,11/09/2006
564,1.0,12/09/2006
565,1.0,13/09/2006
566,1.0,14/09/2006
567,1.0,15/09/2006
568,1.0,18/09/2006
569,1.0,19/09/2006
570,1.0,20/09/2006
571,1.0,21/09/2006
572,-1.0,22/09/2006
573,1.0,25/09/2006
574,-1.0,26/09/2006
575,1.0,27/09/2006
576,1.0,28/09/2006
577,-1.0,29/09/2006
578,1.0,02/10/2006
579,-1.0,03/10/2006
580,-1.0,04/10/2006
581,1.0,05/10/2006
582,1.0,06/10/2006
583,-1.0,09/10/2006
584,-1.0,10/10/2006
585,1.0,11/10/2006
586,-1.0,12/10/2006
587,1.0,13/10/2006
588,1.0,16/10/2006
589,-1.0,17/10/2006
590,-1.0,18/10/2006
591,-1.0,19/10/2006
592,1.0,20/10/2006
593,-1.0,23/10/2006
594,-1.0,24/10/2006
595,-1.0,25/10/2006
596,1.0,26/10/2006
597,-1.0,27/10/2006
598,-1.0,30/10/2006
599,-1.0,31/10/2006
600,1.0,01/11/2006
601,1.0,02/11/2006
602,1.0,03/11/2006
603,-1.0,06/11/2006
604,1.0,07/11/2006
605,1.0,08/11/2006
606,1.0,09/11/2006
607,-1.0,10/11/2006
608,-1.0,13/11/2006
609,-1.0,14/11/2006
610,1.0,15/11/2006
611,1.0,16/11/2006
612,-1.0,17/11/2006
613,-1.0,20/11/2006
614,-1.0,21/11/2006
615,-1.0,22/11/2006
616,-1.0,23/11/2006
617,-1.0,24/11/2006
618,1.0,27/11/2006
619,1.0,28/11/2006
620,1.0,29/11/2006
621,-1.0,30/11/2006
622,-1.0,01/12/2006
623,-1.0,04/12/2006
624,1.0,05/12/2006
625,-1.0,06/12/2006
626,1.0,07/12/2006
627,1.0,08/12/2006
628,1.0,11/12/2006
629,-1.0,12/12/2006
630,-1.0,13/12/2006
631,-1.0,14/12/2006
632,1.0,15/12/2006
633,1.0,18/12/2006
634,1.0,19/12/2006
635,-1.0,20/12/2006
636,-1.0,21/12/2006
637,1.0,22/12/2006
638,1.0,26/12/2006
639,1.0,27/12/2006
640,1.0,28/12/2006
641,-1.0,29/12/2006
642,-1.0,03/01/2007
643,-1.0,04/01/2007
644,-1.0,05/01/2007
645,-1.0,08/01/2007
646,1.0,09/01/2007
647,-1.0,10/01/2007
648,1.0,11/01/2007
649,-1.0,12/01/2007
650,1.0,16/01/2007
651,-1.0,17/01/2007
652,1.0,18/01/2007
653,1.0,19/01/2007
654,1.0,22/01/2007
655,-1.0,23/01/2007
656,1.0,24/01/2007
657,-1.0,25/01/2007
658,-1.0,26/01/2007
659,-1.0,29/01/2007
660,1.0,30/01/2007
661,-1.0,31/01/2007
662,1.0,01/02/2007
663,-1.0,02/02/2007
664,1.0,05/02/2007
665,1.0,06/02/2007
666,1.0,07/02/2007
667,-1.0,08/02/2007
668,-1.0,09/02/2007
669,1.0,12/02/2007
670,1.0,13/02/2007
671,-1.0,14/02/2007
672,-1.0,15/02/2007
673,1.0,16/02/2007
674,1.0,19/02/2007
675,1.0,20/02/2007
676,1.0,21/02/2007
677,1.0,22/02/2007
678,1.0,23/02/2007
679,1.0,26/02/2007
680,1.0,27/02/2007
681,1.0,28/02/2007
682,-1.0,01/03/2007
683,-1.0,02/03/2007
684,1.0,05/03/2007
685,-1.0,06/03/2007
686,1.0,07/03/2007
687,-1.0,08/03/2007
688,-1.0,09/03/2007
689,1.0,12/03/2007
690,1.0,13/03/2007
691,1.0,14/03/2007
692,-1.0,15/03/2007
693,-1.0,16/03/2007
694,1.0,19/03/2007
695,1.0,20/03/2007
696,-1.0,21/03/2007
697,1.0,22/03/2007
698,1.0,23/03/2007
699,-1.0,26/03/2007
700,-1.0,27/03/2007
701,1.0,28/03/2007
702,1.0,29/03/2007
703,-1.0,30/03/2007
704,-1.0,02/04/2007
705,-1.0,03/04/2007
706,-1.0,04/04/2007
707,1.0,05/04/2007
708,1.0,06/04/2007
709,1.0,09/04/2007
710,1.0,10/04/2007
711,1.0,11/04/2007
712,1.0,12/04/2007
713,1.0,13/04/2007
714,-1.0,16/04/2007
715,1.0,17/04/2007
716,1.0,18/04/2007
717,1.0,19/04/2007
718,-1.0,20/04/2007
719,-1.0,23/04/2007
720,1.0,24/04/2007
721,-1.0,25/04/2007
722,-1.0,26/04/2007
723,-1.0,27/04/2007
724,1.0,30/04/2007
725,1.0,01/05/2007
726,1.0,02/05/2007
727,-1.0,03/05/2007
728,-1.0,04/05/2007
729,1.0,07/05/2007
730,1.0,08/05/2007
731,1.0,09/05/2007
732,1.0,10/05/2007
733,1.0,11/05/2007
734,-1.0,14/05/2007
735,1.0,15/05/2007
736,-1.0,16/05/2007
737,1.0,17/05/2007
738,-1.0,18/05/2007
739,1.0,21/05/2007
740,-1.0,22/05/2007
741,1.0,23/05/2007
742,1.0,24/05/2007
743,1.0,25/05/2007
744,-1.0,28/05/2007
745,-1.0,29/05/2007
746,-1.0,30/05/2007
747,1.0,31/05/2007
748,1.0,01/06/2007
749,1.0,04/06/2007
750,-1.0,05/06/2007
751,-1.0,06/06/2007
752,1.0,07/06/2007
753,-1.0,08/06/2007
754,1.0,11/06/2007
755,-1.0,12/06/2007
756,-1.0,13/06/2007
757,1.0,14/06/2007
758,-1.0,15/06/2007
759,1.0,18/06/2007
760,1.0,19/06/2007
761,1.0,20/06/2007
762,1.0,21/06/2007
763,-1.0,22/06/2007
764,1.0,25/06/2007
765,1.0,26/06/2007
766,1.0,27/06/2007
767,1.0,28/06/2007
768,-1.0,29/06/2007
769,1.0,02/07/2007
770,-1.0,03/07/2007
771,-1.0,04/07/2007
772,-1.0,05/07/2007
773,1.0,06/07/2007
774,1.0,09/07/2007
775,-1.0,10/07/2007
776,-1.0,11/07/2007
777,-1.0,12/07/2007
778,-1.0,13/07/2007
779,1.0,16/07/2007
780,-1.0,17/07/2007
781,1.0,18/07/2007
782,1.0,19/07/2007
783,-1.0,20/07/2007
784,1.0,23/07/2007
785,1.0,24/07/2007
786,1.0,25/07/2007
787,-1.0,26/07/2007
788,-1.0,27/07/2007
789,1.0,30/07/2007
790,-1.0,31/07/2007
791,1.0,01/08/2007
792,-1.0,02/08/2007
793,-1.0,03/08/2007
794,-1.0,06/08/2007
795,1.0,07/08/2007
796,1.0,08/08/2007
797,1.0,09/08/2007
798,1.0,10/08/2007
799,1.0,13/08/2007
800,1.0,14/08/2007
801,1.0,15/08/2007
802,1.0,16/08/2007
803,-1.0,17/08/2007
804,-1.0,20/08/2007
805,-1.0,21/08/2007
806,-1.0,22/08/2007
807,1.0,23/08/2007
808,1.0,24/08/2007
809,-1.0,27/08/2007
810,1.0,28/08/2007
811,1.0,29/08/2007
812,1.0,30/08/2007
813,1.0,31/08/2007
814,-1.0,03/09/2007
815,-1.0,04/09/2007
816,1.0,05/09/2007
817,1.0,06/09/2007
818,1.0,07/09/2007
819,-1.0,10/09/2007
820,1.0,11/09/2007
821,1.0,12/09/2007
822,-1.0,13/09/2007
823,-1.0,14/09/2007
824,-1.0,17/09/2007
825,-1.0,18/09/2007
826,1.0,19/09/2007
827,1.0,20/09/2007
828,1.0,21/09/2007
829,-1.0,24/09/2007
830,-1.0,25/09/2007
831,1.0,26/09/2007
832,1.0,27/09/2007
833,1.0,28/09/2007
834,1.0,01/10/2007
835,-1.0,02/10/2007
836,1.0,03/10/2007
837,-1.0,04/10/2007
838,-1.0,05/10/2007
839,1.0,08/10/2007
840,1.0,09/10/2007
841,-1.0,10/10/2007
842,-1.0,11/10/2007
843,1.0,12/10/2007
844,-1.0,15/10/2007
845,-1.0,16/10/2007
846,1.0,17/10/2007
847,1.0,18/10/2007
848,-1.0,19/10/2007
849,1.0,22/10/2007
850,1.0,23/10/2007
851,-1.0,24/10/2007
852,1.0,25/10/2007
853,-1.0,26/10/2007
854,1.0,29/10/2007
855,1.0,30/10/2007
856,1.0,31/10/2007
857,-1.0,01/11/2007
858,1.0,02/11/2007
859,-1.0,05/11/2007
860,1.0,06/11/2007
861,1.0,07/11/2007
862,1.0,08/11/2007
863,1.0,09/11/2007
864,1.0,12/11/2007
865,-1.0,13/11/2007
866,-1.0,14/11/2007
867,1.0,15/11/2007
868,1.0,16/11/2007
869,-1.0,19/11/2007
870,-1.0,20/11/2007
871,1.0,21/11/2007
872,-1.0,22/11/2007
873,1.0,23/11/2007
874,-1.0,26/11/2007
875,-1.0,27/11/2007
876,-1.0,28/11/2007
877,-1.0,29/11/2007
878,-1.0,30/11/2007
879,-1.0,03/12/2007
880,1.0,04/12/2007
881,1.0,05/12/2007
882,1.0,06/12/2007
883,-1.0,07/12/2007
884,1.0,10/12/2007
885,1.0,11/12/2007
886,1.0,12/12/2007
887,-1.0,13/12/2007
888,1.0,14/12/2007
889,1.0,17/12/2007
890,1.0,18/12/2007
891,-1.0,19/12/2007
892,-1.0,20/12/2007
893,-1.0,21/12/2007
894,1.0,24/12/2007
895,-1.0,26/12/2007
896,-1.0,27/12/2007
897,1.0,28/12/2007
898,1.0,31/12/2007
899,1.0,02/01/2008
900,-1.0,03/01/2008
901,-1.0,04/01/2008
902,1.0,07/01/2008
903,1.0,08/01/2008
904,1.0,09/01/2008
905,-1.0,10/01/2008
906,1.0,11/01/2008
907,1.0,14/01/2008
908,1.0,15/01/2008
909,1.0,16/01/2008
910,-1.0,17/01/2008
911,-1.0,18/01/2008
912,1.0,21/01/2008
913,1.0,22/01/2008
914,-1.0,23/01/2008
915,-1.0,24/01/2008
916,1.0,25/01/2008
917,1.0,28/01/2008
918,-1.0,29/01/2008
919,-1.0,30/01/2008
920,-1.0,31/01/2008
921,1.0,01/02/2008
922,1.0,04/02/2008
923,1.0,05/02/2008
924,-1.0,06/02/2008
925,1.0,07/02/2008
926,1.0,08/02/2008
927,-1.0,11/02/2008
928,-1.0,12/02/2008
929,1.0,13/02/2008
930,1.0,14/02/2008
931,-1.0,15/02/2008
932,1.0,18/02/2008
933,1.0,19/02/2008
934,-1.0,20/02/2008
935,1.0,21/02/2008
936,1.0,22/02/2008
937,1.0,25/02/2008
938,1.0,26/02/2008
939,1.0,27/02/2008
940,1.0,28/02/2008
941,-1.0,29/02/2008
942,-1.0,03/03/2008
943,1.0,04/03/2008
944,1.0,05/03/2008
945,1.0,06/03/2008
946,1.0,07/03/2008
947,1.0,10/03/2008
948,1.0,11/03/2008
949,1.0,12/03/2008
950,1.0,13/03/2008
951,-1.0,14/03/2008
952,1.0,17/03/2008
953,1.0,18/03/2008
954,1.0,19/03/2008
955,-1.0,20/03/2008
956,1.0,24/03/2008
957,1.0,25/03/2008
958,1.0,26/03/2008
959,1.0,27/03/2008
960,1.0,28/03/2008
961,1.0,31/03/2008
962,-1.0,01/04/2008
963,-1.0,02/04/2008
964,1.0,03/04/2008
965,-1.0,04/04/2008
966,-1.0,07/04/2008
967,1.0,08/04/2008
968,1.0,09/04/2008
969,1.0,10/04/2008
970,1.0,11/04/2008
971,-1.0,14/04/2008
972,1.0,15/04/2008
973,-1.0,16/04/2008
974,-1.0,17/04/2008
975,-1.0,18/04/2008
976,1.0,21/04/2008
977,1.0,22/04/2008
978,1.0,23/04/2008
979,1.0,24/04/2008
980,1.0,25/04/2008
981,1.0,28/04/2008
982,1.0,29/04/2008
983,1.0,30/04/2008
984,-1.0,01/05/2008
985,-1.0,02/05/2008
986,1.0,05/05/2008
987,1.0,06/05/2008
988,1.0,07/05/2008
989,1.0,08/05/2008
990,1.0,09/05/2008
991,1.0,12/05/2008
992,1.0,13/05/2008
993,1.0,14/05/2008
994,1.0,15/05/2008
995,1.0,16/05/2008
996,1.0,19/05/2008
997,-1.0,20/05/2008
998,1.0,21/05/2008
999,1.0,22/05/2008
1000,1.0,23/05/2008
1001,-1.0,26/05/2008
1002,1.0,27/05/2008
1003,-1.0,28/05/2008
1004,1.0,29/05/2008
1005,-1.0,30/05/2008
1006,1.0,02/06/2008
1007,1.0,03/06/2008
1008,-1.0,04/06/2008
1009,1.0,05/06/2008
1010,1.0,06/06/2008
1011,1.0,09/06/2008
1012,1.0,10/06/2008
1013,1.0,11/06/2008
1014,1.0,12/06/2008
1015,-1.0,13/06/2008
1016,1.0,16/06/2008
1017,-1.0,17/06/2008
1018,1.0,18/06/2008
1019,1.0,19/06/2008
1020,1.0,20/06/2008
1021,-1.0,23/06/2008
1022,1.0,24/06/2008
1023,1.0,25/06/2008
1024,1.0,26/06/2008
1025,1.0,27/06/2008
1026,1.0,30/06/2008
1027,1.0,01/07/2008
1028,1.0,02/07/2008
1029,-1.0,03/07/2008
1030,-1.0,04/07/2008
1031,-1.0,07/07/2008
1032,1.0,08/07/2008
1033,1.0,09/07/2008
1034,-1.0,10/07/2008
1035,-1.0,11/07/2008
1036,-1.0,14/07/2008
1037,-1.0,15/07/2008
1038,1.0,16/07/2008
1039,-1.0,17/07/2008
1040,1.0,18/07/2008
1041,-1.0,21/07/2008
1042,1.0,22/07/2008
1043,1.0,23/07/2008
1044,1.0,24/07/2008
1045,-1.0,25/07/2008
1046,-1.0,28/07/2008
1047,1.0,29/07/2008
1048,-1.0,30/07/2008
1049,1.0,31/07/2008
1050,1.0,01/08/2008
1051,1.0,04/08/2008
1052,1.0,05/08/2008
1053,-1.0,06/08/2008
1054,1.0,07/08/2008
1055,-1.0,08/08/2008
1056,-1.0,11/08/2008
1057,1.0,12/08/2008
1058,1.0,13/08/2008
1059,1.0,14/08/2008
1060,-1.0,15/08/2008
1061,1.0,18/08/2008
1062,-1.0,19/08/2008
1063,-1.0,20/08/2008
1064,-1.0,21/08/2008
1065,1.0,22/08/2008
1066,1.0,25/08/2008
1067,1.0,26/08/2008
1068,1.0,27/08/2008
1069,1.0,28/08/2008
1070,1.0,29/08/2008
1071,1.0,01/09/2008
1072,-1.0,02/09/2008
1073,-1.0,03/09/2008
1074,1.0,04/09/2008
1075,1.0,05/09/2008
1076,-1.0,08/09/2008
1077,1.0,09/09/2008
1078,-1.0,10/09/2008
1079,1.0,11/09/2008
1080,1.0,12/09/2008
1081,1.0,15/09/2008
1082,1.0,16/09/2008
1083,-1.0,17/09/2008
1084,-1.0,18/09/2008
1085,-1.0,19/09/2008
1086,1.0,22/09/2008
1087,-1.0,23/09/2008
1088,1.0,24/09/2008
1089,-1.0,25/09/2008
1090,1.0,26/09/2008
1091,1.0,29/09/2008
1092,1.0,30/09/2008
1093,1.0,01/10/2008
1094,1.0,02/10/2008
1095,1.0,03/10/2008
1096,-1.0,06/10/2008
1097,-1.0,07/10/2008
1098,-1.0,08/10/2008
1099,1.0,09/10/2008
1100,1.0,10/10/2008
1101,1.0,13/10/2008
1102,1.0,14/10/2008
1103,1.0,15/10/2008
1104,1.0,16/10/2008
1105,1.0,17/10/2008
1106,1.0,20/10/2008
1107,1.0,21/10/2008
1108,-1.0,22/10/2008
1109,1.0,23/10/2008
1110,1.0,24/10/2008
1111,-1.0,27/10/2008
1112,-1.0,28/10/2008
1113,-1.0,29/10/2008
1114,1.0,30/10/2008
1115,1.0,31/10/2008
1116,1.0,03/11/2008
1117,-1.0,04/11/2008
1118,1.0,05/11/2008
1119,1.0,06/11/2008
1120,1.0,07/11/2008
1121,1.0,10/11/2008
1122,1.0,11/11/2008
1123,-1.0,12/11/2008
1124,1.0,13/11/2008
1125,1.0,14/11/2008
1126,1.0,17/11/2008
1127,1.0,18/11/2008
1128,1.0,19/11/2008
1129,-1.0,20/11/2008
1130,1.0,21/11/2008
1131,-1.0,24/11/2008
1132,-1.0,25/11/2008
1133,-1.0,26/11/2008
1134,-1.0,27/11/2008
1135,1.0,28/11/2008
1136,-1.0,01/12/2008
1137,1.0,02/12/2008
1138,-1.0,03/12/2008
1139,1.0,04/12/2008
1140,-1.0,05/12/2008
1141,-1.0,08/12/2008
1142,1.0,09/12/2008
1143,1.0,10/12/2008
1144,-1.0,11/12/2008
1145,1.0,12/12/2008
1146,-1.0,15/12/2008
1147,-1.0,16/12/2008
1148,-1.0,17/12/2008
1149,1.0,18/12/2008
1150,1.0,19/12/2008
1151,1.0,22/12/2008
1152,1.0,23/12/2008
1153,1.0,24/12/2008
1154,-1.0,26/12/2008
1155,-1.0,29/12/2008
1156,-1.0,30/12/2008
1157,-1.0,31/12/2008
1158,-1.0,02/01/2009
1159,-1.0,05/01/2009
1160,1.0,06/01/2009
1161,1.0,07/01/2009
1162,-1.0,08/01/2009
1163,1.0,09/01/2009
1164,1.0,12/01/2009
1165,1.0,13/01/2009
1166,1.0,14/01/2009
1167,-1.0,15/01/2009
1168,1.0,16/01/2009
1169,-1.0,19/01/2009
1170,-1.0,20/01/2009
1171,1.0,21/01/2009
1172,1.0,22/01/2009
1173,-1.0,23/01/2009
1174,-1.0,26/01/2009
1175,-1.0,27/01/2009
1176,-1.0,28/01/2009
1177,1.0,29/01/2009
1178,1.0,30/01/2009
1179,1.0,02/02/2009
1180,1.0,03/02/2009
1181,-1.0,04/02/2009
1182,-1.0,05/02/2009
1183,-1.0,06/02/2009
1184,-1.0,09/02/2009
1185,-1.0,10/02/2009
1186,1.0,11/02/2009
1187,1.0,12/02/2009
1188,-1.0,13/02/2009
1189,-1.0,16/02/2009
1190,1.0,17/02/2009
1191,-1.0,18/02/2009
1192,1.0,19/02/2009
1193,-1.0,20/02/2009
1194,-1.0,23/02/2009
1195,1.0,24/02/2009
1196,1.0,25/02/2009
1197,-1.0,26/02/2009
1198,1.0,27/02/2009
1199,1.0,02/03/2009
1200,1.0,03/03/2009
1201,1.0,04/03/2009
1202,1.0,05/03/2009
1203,1.0,06/03/2009
1204,1.0,09/03/2009
1205,1.0,10/03/2009
1206,-1.0,11/03/2009
1207,-1.0,12/03/2009
1208,-1.0,13/03/2009
1209,-1.0,16/03/2009
1210,-1.0,17/03/2009
1211,1.0,18/03/2009
1212,1.0,19/03/2009
1213,-1.0,20/03/2009
1214,1.0,23/03/2009
1215,-1.0,24/03/2009
1216,-1.0,25/03/2009
1217,1.0,26/03/2009
1218,1.0,27/03/2009
1219,-1.0,30/03/2009
1220,-1.0,31/03/2009
1221,1.0,01/04/2009
1222,-1.0,02/04/2009
1223,-1.0,03/04/2009
1224,-1.0,06/04/2009
1225,1.0,07/04/2009
1226,1.0,08/04/2009
1227,-1.0,09/04/2009
1228,-1.0,13/04/2009
1229,1.0,14/04/2009
1230,-1.0,15/04/2009
1231,1.0,16/04/2009
1232,-1.0,17/04/2009
1233,-1.0,20/04/2009
1234,-1.0,21/04/2009
1235,-1.0,22/04/2009
1236,-1.0,23/04/2009
1237,1.0,24/04/2009
1238,1.0,27/04/2009
1239,-1.0,28/04/2009
1240,1.0,29/04/2009
1241,-1.0,30/04/2009
1242,1.0,01/05/2009
1243,-1.0,04/05/2009
1244,1.0,05/05/2009
1245,-1.0,06/05/2009
1246,-1.0,07/05/2009
1247,1.0,08/05/2009
1248,1.0,11/05/2009
1249,1.0,12/05/2009
1250,-1.0,13/05/2009
1251,-1.0,14/05/2009
1252,-1.0,15/05/2009
1253,1.0,18/05/2009
1254,-1.0,19/05/2009
1255,-1.0,20/05/2009
1256,1.0,21/05/2009
1257,1.0,22/05/2009
1258,-1.0,25/05/2009
1259,1.0,26/05/2009
1260,-1.0,27/05/2009
1261,1.0,28/05/2009
1262,1.0,29/05/2009
1263,-1.0,01/06/2009
1264,-1.0,02/06/2009
1265,-1.0,03/06/2009
1266,1.0,04/06/2009
1267,-1.0,05/06/2009
1268,1.0,08/06/2009
1269,1.0,09/06/2009
1270,1.0,10/06/2009
1271,-1.0,11/06/2009
1272,-1.0,12/06/2009
1273,1.0,15/06/2009
1274,1.0,16/06/2009
1275,1.0,17/06/2009
1276,-1.0,18/06/2009
1277,1.0,19/06/2009
1278,-1.0,22/06/2009
1279,-1.0,23/06/2009
1280,1.0,24/06/2009
1281,-1.0,25/06/2009
1282,1.0,26/06/2009
1283,-1.0,29/06/2009
1284,-1.0,30/06/2009
1285,1.0,01/07/2009
1286,1.0,02/07/2009
1287,-1.0,03/07/2009
1288,1.0,06/07/2009
1289,1.0,07/07/2009
1290,-1.0,08/07/2009
1291,1.0,09/07/2009
1292,-1.0,10/07/2009
1293,-1.0,13/07/2009
1294,-1.0,14/07/2009
1295,-1.0,15/07/2009
1296,-1.0,16/07/2009
1297,1.0,17/07/2009
1298,-1.0,20/07/2009
1299,-1.0,21/07/2009
1300,1.0,22/07/2009
1301,-1.0,23/07/2009
1302,-1.0,24/07/2009
1303,-1.0,27/07/2009
1304,-1.0,28/07/2009
1305,1.0,29/07/2009
1306,-1.0,30/07/2009
1307,-1.0,31/07/2009
1308,1.0,03/08/2009
1309,1.0,04/08/2009
1310,1.0,05/08/2009
1311,-1.0,06/08/2009
1312,-1.0,07/08/2009
1313,-1.0,10/08/2009
1314,1.0,11/08/2009
1315,1.0,12/08/2009
1316,-1.0,13/08/2009
1317,-1.0,14/08/2009
1318,1.0,17/08/2009
1319,1.0,18/08/2009
1320,-1.0,19/08/2009
1321,1.0,20/08/2009
1322,1.0,21/08/2009
1323,1.0,24/08/2009
1324,-1.0,25/08/2009
1325,1.0,26/08/2009
1326,-1.0,27/08/2009
1327,1.0,28/08/2009
1328,-1.0,31/08/2009
1329,1.0,01/09/2009
1330,-1.0,02/09/2009
1331,1.0,03/09/2009
1332,-1.0,04/09/2009
1333,-1.0,07/09/2009
1334,-1.0,08/09/2009
1335,-1.0,09/09/2009
1336,-1.0,10/09/2009
1337,1.0,11/09/2009
1338,-1.0,14/09/2009
1339,-1.0,15/09/2009
1340,1.0,16/09/2009
1341,1.0,17/09/2009
1342,-1.0,18/09/2009
1343,-1.0,21/09/2009
1344,1.0,22/09/2009
1345,1.0,23/09/2009
1346,-1.0,24/09/2009
1347,-1.0,25/09/2009
1348,-1.0,28/09/2009
1349,1.0,29/09/2009
1350,-1.0,30/09/2009
1351,1.0,01/10/2009
1352,-1.0,02/10/2009
1353,1.0,05/10/2009
1354,-1.0,06/10/2009
1355,-1.0,07/10/2009
1356,-1.0,08/10/2009
1357,-1.0,09/10/2009
1358,1.0,12/10/2009
1359,-1.0,13/10/2009
1360,1.0,14/10/2009
1361,-1.0,15/10/2009
1362,-1.0,16/10/2009
1363,-1.0,19/10/2009
1364,-1.0,20/10/2009
1365,1.0,21/10/2009
1366,1.0,22/10/2009
1367,1.0,23/10/2009
1368,-1.0,26/10/2009
1369,-1.0,27/10/2009
1370,-1.0,28/10/2009
1371,1.0,29/10/2009
1372,1.0,30/10/2009
1373,-1.0,02/11/2009
1374,-1.0,03/11/2009
1375,1.0,04/11/2009
1376,-1.0,05/11/2009
1377,1.0,06/11/2009
1378,-1.0,09/11/2009
1379,1.0,10/11/2009
1380,-1.0,11/11/2009
1381,-1.0,12/11/2009
1382,1.0,13/11/2009
1383,-1.0,16/11/2009
1384,-1.0,17/11/2009
1385,-1.0,18/11/2009
1386,1.0,19/11/2009
1387,1.0,20/11/2009
1388,-1.0,23/11/2009
1389,-1.0,24/11/2009
1390,1.0,25/11/2009
1391,1.0,26/11/2009
1392,-1.0,27/11/2009
1393,-1.0,30/11/2009
1394,1.0,01/12/2009
1395,-1.0,02/12/2009
1396,-1.0,03/12/2009
1397,-1.0,04/12/2009
1398,-1.0,07/12/2009
1399,-1.0,09/12/2009
1400,-1.0,10/12/2009
1401,1.0,11/12/2009
1402,-1.0,14/12/2009
1403,-1.0,15/12/2009
1404,-1.0,16/12/2009
1405,1.0,17/12/2009
1406,1.0,18/12/2009
1407,-1.0,22/12/2009
1408,-1.0,23/12/2009
1409,1.0,24/12/2009
1410,-1.0,28/12/2009
1411,-1.0,29/12/2009
1412,-1.0,30/12/2009
1413,-1.0,31/12/2009
1414,1.0,04/01/2010
1415,1.0,05/01/2010
1416,1.0,06/01/2010
1417,-1.0,07/01/2010
1418,-1.0,08/01/2010
1419,-1.0,11/01/2010
1420,-1.0,12/01/2010
1421,-1.0,13/01/2010
1422,-1.0,14/01/2010
1423,1.0,15/01/2010
1424,1.0,18/01/2010
1425,1.0,19/01/2010
1426,-1.0,20/01/2010
1427,1.0,21/01/2010
1428,1.0,22/01/2010
1429,1.0,25/01/2010
1430,1.0,26/01/2010
1431,1.0,27/01/2010
1432,1.0,28/01/2010
1433,1.0,29/01/2010
1434,1.0,01/02/2010
1435,1.0,02/02/2010
1436,1.0,03/02/2010
1437,-1.0,04/02/2010
1438,1.0,05/02/2010
1439,-1.0,08/02/2010
1440,-1.0,09/02/2010
1441,-1.0,10/02/2010
1442,1.0,11/02/2010
1443,-1.0,12/02/2010
1444,1.0,15/02/2010
1445,-1.0,16/02/2010
1446,-1.0,17/02/2010
1447,1.0,18/02/2010
1448,-1.0,19/02/2010
1449,-1.0,22/02/2010
1450,1.0,23/02/2010
1451,-1.0,24/02/2010
1452,-1.0,25/02/2010
1453,1.0,26/02/2010
1454,1.0,01/03/2010
1455,1.0,02/03/2010
1456,1.0,03/03/2010
1457,1.0,04/03/2010
1458,1.0,05/03/2010
1459,-1.0,08/03/2010
1460,-1.0,09/03/2010
1461,-1.0,10/03/2010
1462,-1.0,11/03/2010
1463,1.0,12/03/2010
1464,1.0,15/03/2010
1465,1.0,16/03/2010
1466,-1.0,17/03/2010
1467,1.0,18/03/2010
1468,1.0,19/03/2010
1469,1.0,22/03/2010
1470,1.0,23/03/2010
1471,-1.0,24/03/2010
1472,-1.0,25/03/2010
1473,1.0,26/03/2010
1474,1.0,29/03/2010
1475,1.0,30/03/2010
1476,1.0,31/03/2010
1477,1.0,01/04/2010
1478,-1.0,02/04/2010
1479,-1.0,06/04/2010
1480,-1.0,07/04/2010
1481,-1.0,08/04/2010
1482,1.0,09/04/2010
1483,1.0,12/04/2010
1484,1.0,13/04/2010
1485,1.0,14/04/2010
1486,-1.0,15/04/2010
1487,-1.0,16/04/2010
1488,-1.0,19/04/2010
1489,-1.0,20/04/2010
1490,1.0,21/04/2010
1491,1.0,22/04/2010
1492,1.0,23/04/2010
1493,-1.0,26/04/2010
1494,-1.0,27/04/2010
1495,1.0,28/04/2010
1496,1.0,29/04/2010
1497,1.0,30/04/2010
1498,1.0,03/05/2010
1499,-1.0,05/05/2010
1500,-1.0,06/05/2010
1501,-1.0,07/05/2010
1502,1.0,10/05/2010
1503,-1.0,11/05/2010
1504,-1.0,12/05/2010
1505,1.0,13/05/2010
1506,1.0,14/05/2010
1507,1.0,17/05/2010
1508,1.0,18/05/2010
1509,-1.0,19/05/2010
1510,-1.0,20/05/2010
1511,-1.0,21/05/2010
1512,1.0,24/05/2010
1513,1.0,25/05/2010
1514,1.0,26/05/2010
1515,-1.0,27/05/2010
1516,-1.0,28/05/2010
1517,-1.0,31/05/2010
1518,1.0,01/06/2010
1519,1.0,02/06/2010
1520,-1.0,03/06/2010
1521,1.0,04/06/2010
1522,-1.0,07/06/2010
1523,1.0,08/06/2010
1524,1.0,09/06/2010
1525,1.0,10/06/2010
1526,-1.0,11/06/2010
1527,1.0,14/06/2010
1528,1.0,15/06/2010
1529,1.0,16/06/2010
1530,1.0,17/06/2010
1531,1.0,18/06/2010
1532,1.0,21/06/2010
1533,-1.0,22/06/2010
1534,-1.0,23/06/2010
1535,1.0,24/06/2010
1536,1.0,25/06/2010
1537,1.0,28/06/2010
1538,-1.0,29/06/2010
1539,-1.0,30/06/2010
1540,1.0,01/07/2010
1541,1.0,02/07/2010
1542,-1.0,05/07/2010
1543,1.0,06/07/2010
1544,1.0,07/07/2010
1545,-1.0,08/07/2010
1546,1.0,09/07/2010
1547,1.0,12/07/2010
1548,1.0,13/07/2010
1549,1.0,14/07/2010
1550,1.0,15/07/2010
1551,1.0,16/07/2010
1552,1.0,19/07/2010
1553,1.0,20/07/2010
1554,-1.0,21/07/2010
1555,1.0,22/07/2010
1556,1.0,23/07/2010
1557,1.0,26/07/2010
1558,1.0,27/07/2010
1559,1.0,28/07/2010
1560,-1.0,29/07/2010
1561,1.0,30/07/2010
1562,1.0,02/08/2010
1563,1.0,03/08/2010
1564,-1.0,04/08/2010
1565,1.0,05/08/2010
1566,1.0,06/08/2010
1567,-1.0,09/08/2010
1568,1.0,10/08/2010
1569,1.0,11/08/2010
1570,1.0,12/08/2010
1571,-1.0,13/08/2010
1572,1.0,16/08/2010
1573,-1.0,17/08/2010
1574,1.0,18/08/2010
1575,1.0,19/08/2010
1576,-1.0,20/08/2010
1577,1.0,23/08/2010
1578,-1.0,24/08/2010
1579,1.0,25/08/2010
1580,1.0,26/08/2010
1581,-1.0,27/08/2010
1582,-1.0,30/08/2010
1583,1.0,31/08/2010
1584,-1.0,01/09/2010
1585,-1.0,02/09/2010
1586,1.0,03/09/2010
1587,-1.0,06/09/2010
1588,1.0,07/09/2010
1589,-1.0,08/09/2010
1590,-1.0,09/09/2010
1591,1.0,10/09/2010
1592,1.0,13/09/2010
1593,1.0,14/09/2010
1594,1.0,15/09/2010
1595,-1.0,16/09/2010
1596,1.0,17/09/2010
1597,1.0,20/09/2010
1598,1.0,21/09/2010
1599,1.0,22/09/2010
1600,1.0,23/09/2010
1601,-1.0,24/09/2010
1602,-1.0,27/09/2010
1603,-1.0,28/09/2010
1604,1.0,29/09/2010
1605,1.0,30/09/2010
1606,1.0,01/10/2010
1607,1.0,04/10/2010
1608,1.0,05/10/2010
1609,1.0,06/10/2010
1610,1.0,07/10/2010
1611,1.0,08/10/2010
1612,-1.0,11/10/2010
1613,1.0,12/10/2010
1614,-1.0,13/10/2010
1615,1.0,14/10/2010
1616,1.0,15/10/2010
1617,1.0,18/10/2010
1618,-1.0,19/10/2010
1619,1.0,20/10/2010
1620,-1.0,21/10/2010
1621,-1.0,22/10/2010
1622,1.0,25/10/2010
1623,1.0,26/10/2010
1624,1.0,27/10/2010
1625,-1.0,28/10/2010
1626,1.0,29/10/2010
1627,1.0,01/11/2010
1628,1.0,02/11/2010
1629,1.0,03/11/2010
1630,1.0,04/11/2010
1631,1.0,05/11/2010
1632,-1.0,08/11/2010
1633,1.0,09/11/2010
1634,-1.0,10/11/2010
1635,1.0,11/11/2010
1636,1.0,12/11/2010
1637,1.0,15/11/2010
1638,-1.0,16/11/2010
1639,1.0,17/11/2010
1640,1.0,18/11/2010
1641,-1.0,19/11/2010
1642,1.0,22/11/2010
1643,-1.0,23/11/2010
1644,-1.0,24/11/2010
1645,1.0,25/11/2010
1646,-1.0,26/11/2010
1647,1.0,29/11/2010
1648,1.0,30/11/2010
1649,1.0,01/12/2010
1650,1.0,02/12/2010
1651,1.0,03/12/2010
1652,1.0,06/12/2010
1653,1.0,07/12/2010
1654,1.0,08/12/2010
1655,1.0,09/12/2010
1656,-1.0,10/12/2010
1657,-1.0,13/12/2010
1658,-1.0,14/12/2010
1659,1.0,15/12/2010
1660,1.0,16/12/2010
1661,-1.0,17/12/2010
1662,1.0,20/12/2010
1663,-1.0,21/12/2010
1664,-1.0,22/12/2010
1665,1.0,23/12/2010
1666,-1.0,27/12/2010
1667,1.0,28/12/2010
1668,1.0,29/12/2010
1669,1.0,30/12/2010
1670,1.0,31/12/2010
1671,-1.0,03/01/2011
1672,1.0,04/01/2011
1673,1.0,05/01/2011
1674,1.0,06/01/2011
1675,1.0,07/01/2011
1676,1.0,10/01/2011
1677,1.0,11/01/2011
1678,1.0,12/01/2011
1679,1.0,13/01/2011
1680,1.0,14/01/2011
1681,-1.0,17/01/2011
1682,1.0,18/01/2011
1683,-1.0,19/01/2011
1684,1.0,20/01/2011
1685,1.0,21/01/2011
1686,1.0,24/01/2011
1687,1.0,25/01/2011
1688,-1.0,26/01/2011
1689,-1.0,27/01/2011
1690,1.0,28/01/2011
1691,-1.0,31/01/2011
1692,1.0,01/02/2011
1693,-1.0,02/02/2011
1694,-1.0,03/02/2011
1695,1.0,04/02/2011
1696,1.0,07/02/2011
1697,-1.0,08/02/2011
1698,-1.0,09/02/2011
1699,1.0,10/02/2011
1700,1.0,11/02/2011
1701,1.0,14/02/2011
1702,1.0,15/02/2011
1703,1.0,16/02/2011
1704,1.0,17/02/2011
1705,1.0,18/02/2011
1706,-1.0,21/02/2011
1707,-1.0,22/02/2011
1708,1.0,23/02/2011
1709,1.0,24/02/2011
1710,-1.0,25/02/2011
1711,1.0,28/02/2011
1712,1.0,01/03/2011
1713,-1.0,02/03/2011
1714,1.0,03/03/2011
1715,1.0,04/03/2011
1716,-1.0,07/03/2011
1717,-1.0,08/03/2011
1718,1.0,09/03/2011
1719,-1.0,10/03/2011
1720,-1.0,11/03/2011
1721,1.0,14/03/2011
1722,1.0,16/03/2011
1723,1.0,17/03/2011
1724,1.0,18/03/2011
1725,1.0,21/03/2011
1726,1.0,22/03/2011
1727,1.0,23/03/2011
1728,1.0,24/03/2011
1729,-1.0,25/03/2011
1730,1.0,28/03/2011
1731,-1.0,29/03/2011
1732,1.0,30/03/2011
1733,-1.0,31/03/2011
1734,-1.0,01/04/2011
1735,1.0,04/04/2011
1736,1.0,05/04/2011
1737,-1.0,06/04/2011
1738,-1.0,07/04/2011
1739,1.0,08/04/2011
1740,-1.0,11/04/2011
1741,1.0,12/04/2011
1742,1.0,13/04/2011
1743,1.0,14/04/2011
1744,1.0,15/04/2011
1745,-1.0,18/04/2011
1746,1.0,19/04/2011
1747,1.0,20/04/2011
1748,-1.0,21/04/2011
1749,1.0,25/04/2011
1750,1.0,26/04/2011
1751,-1.0,27/04/2011
1752,1.0,28/04/2011
1753,1.0,29/04/2011
1754,-1.0,02/05/2011
1755,-1.0,03/05/2011
1756,-1.0,04/05/2011
1757,1.0,05/05/2011
1758,1.0,06/05/2011
1759,-1.0,09/05/2011
1760,1.0,10/05/2011
1761,-1.0,11/05/2011
1762,-1.0,12/05/2011
1763,-1.0,13/05/2011
1764,1.0,16/05/2011
1765,-1.0,17/05/2011
1766,-1.0,18/05/2011
1767,1.0,19/05/2011
1768,1.0,20/05/2011
1769,1.0,23/05/2011
1770,1.0,24/05/2011
1771,1.0,25/05/2011
1772,-1.0,26/05/2011
1773,1.0,27/05/2011
1774,1.0,30/05/2011
1775,1.0,31/05/2011
1776,1.0,01/06/2011
1777,-1.0,02/06/2011
1778,1.0,03/06/2011
1779,1.0,06/06/2011
1780,-1.0,07/06/2011
1781,1.0,08/06/2011
1782,1.0,09/06/2011
1783,1.0,10/06/2011
1784,-1.0,13/06/2011
1785,1.0,14/06/2011
1786,1.0,15/06/2011
1787,-1.0,16/06/2011
1788,1.0,17/06/2011
1789,1.0,20/06/2011
1790,1.0,21/06/2011
1791,1.0,22/06/2011
1792,1.0,23/06/2011
1793,1.0,24/06/2011
1794,-1.0,27/06/2011
1795,-1.0,28/06/2011
1796,1.0,29/06/2011
1797,1.0,30/06/2011
1798,1.0,01/07/2011
1799,-1.0,04/07/2011
1800,1.0,05/07/2011
1801,1.0,06/07/2011
1802,-1.0,07/07/2011
1803,1.0,08/07/2011
1804,-1.0,11/07/2011
1805,1.0,12/07/2011
1806,-1.0,13/07/2011
1807,1.0,14/07/2011
1808,1.0,15/07/2011
1809,1.0,18/07/2011
1810,-1.0,19/07/2011
1811,-1.0,20/07/2011
1812,1.0,21/07/2011
1813,1.0,22/07/2011
1814,1.0,25/07/2011
1815,1.0,26/07/2011
1816,-1.0,27/07/2011
1817,1.0,28/07/2011
1818,1.0,29/07/2011
1819,-1.0,01/08/2011
1820,1.0,02/08/2011
1821,-1.0,03/08/2011
1822,1.0,04/08/2011
1823,-1.0,05/08/2011
1824,1.0,08/08/2011
1825,1.0,09/08/2011
1826,1.0,10/08/2011
1827,-1.0,11/08/2011
1828,1.0,12/08/2011
1829,1.0,15/08/2011
1830,1.0,16/08/2011
1831,1.0,17/08/2011
1832,-1.0,18/08/2011
1833,1.0,19/08/2011
1834,1.0,22/08/2011
1835,1.0,23/08/2011
1836,1.0,24/08/2011
1837,1.0,25/08/2011
1838,1.0,26/08/2011
1839,1.0,29/08/2011
1840,1.0,30/08/2011
1841,1.0,31/08/2011
1842,-1.0,01/09/2011
1843,-1.0,02/09/2011
1844,1.0,05/09/2011
1845,-1.0,06/09/2011
1846,-1.0,07/09/2011
1847,1.0,08/09/2011
1848,1.0,09/09/2011
1849,1.0,12/09/2011
1850,-1.0,13/09/2011
1851,1.0,14/09/2011
1852,1.0,15/09/2011
1853,1.0,16/09/2011
1854,1.0,19/09/2011
1855,1.0,20/09/2011
1856,-1.0,21/09/2011
1857,1.0,22/09/2011
1858,1.0,23/09/2011
1859,-1.0,26/09/2011
1860,-1.0,27/09/2011
1861,1.0,28/09/2011
1862,-1.0,29/09/2011
1863,1.0,30/09/2011
1864,1.0,03/10/2011
1865,1.0,04/10/2011
1866,-1.0,05/10/2011
1867,1.0,06/10/2011
1868,-1.0,07/10/2011
1869,1.0,10/10/2011
1870,1.0,11/10/2011
1871,1.0,12/10/2011
1872,1.0,13/10/2011
1873,1.0,14/10/2011
1874,1.0,17/10/2011
1875,1.0,18/10/2011
1876,1.0,19/10/2011
1877,1.0,20/10/2011
1878,-1.0,21/10/2011
1879,1.0,24/10/2011
1880,1.0,25/10/2011
1881,1.0,26/10/2011
1882,1.0,27/10/2011
1883,1.0,28/10/2011
1884,-1.0,31/10/2011
1885,1.0,01/11/2011
1886,-1.0,02/11/2011
1887,1.0,03/11/2011
1888,1.0,04/11/2011
1889,1.0,07/11/2011
1890,1.0,08/11/2011
1891,-1.0,09/11/2011
1892,-1.0,10/11/2011
1893,1.0,11/11/2011
1894,1.0,14/11/2011
1895,1.0,15/11/2011
1896,1.0,16/11/2011
1897,1.0,17/11/2011
1898,-1.0,18/11/2011
1899,1.0,21/11/2011
1900,1.0,22/11/2011
1901,1.0,23/11/2011
1902,1.0,24/11/2011
1903,1.0,25/11/2011
1904,-1.0,28/11/2011
1905,1.0,29/11/2011
1906,1.0,30/11/2011
1907,1.0,01/12/2011
1908,-1.0,02/12/2011
1909,-1.0,05/12/2011
1910,1.0,06/12/2011
1911,1.0,07/12/2011
1912,1.0,08/12/2011
1913,1.0,09/12/2011
1914,1.0,12/12/2011
1915,-1.0,13/12/2011
1916,1.0,14/12/2011
1917,1.0,15/12/2011
1918,1.0,16/12/2011
1919,1.0,19/12/2011
1920,1.0,20/12/2011
1921,-1.0,21/12/2011
1922,1.0,22/12/2011
1923,1.0,23/12/2011
1924,1.0,27/12/2011
1925,-1.0,28/12/2011
1926,1.0,29/12/2011
1927,-1.0,30/12/2011
1928,-1.0,03/01/2012
1929,1.0,04/01/2012
1930,1.0,05/01/2012
1931,1.0,06/01/2012
1932,1.0,09/01/2012
1933,-1.0,10/01/2012
1934,1.0,11/01/2012
1935,1.0,12/01/2012
1936,-1.0,13/01/2012
1937,-1.0,16/01/2012
1938,1.0,17/01/2012
1939,1.0,18/01/2012
1940,-1.0,19/01/2012
1941,1.0,20/01/2012
1942,1.0,23/01/2012
1943,1.0,24/01/2012
1944,1.0,25/01/2012
1945,1.0,26/01/2012
1946,1.0,27/01/2012
1947,1.0,30/01/2012
1948,1.0,31/01/2012
1949,-1.0,01/02/2012
1950,-1.0,02/02/2012
1951,-1.0,03/02/2012
1952,1.0,06/02/2012
1953,-1.0,07/02/2012
1954,1.0,08/02/2012
1955,1.0,09/02/2012
1956,1.0,10/02/2012
1957,1.0,13/02/2012
1958,1.0,14/02/2012
1959,1.0,15/02/2012
1960,1.0,16/02/2012
1961,-1.0,17/02/2012
1962,-1.0,20/02/2012
1963,1.0,21/02/2012
1964,1.0,22/02/2012
1965,1.0,23/02/2012
1966,1.0,24/02/2012
1967,1.0,27/02/2012
1968,-1.0,28/02/2012
1969,1.0,29/02/2012
1970,-1.0,01/03/2012
1971,-1.0,02/03/2012
1972,1.0,05/03/2012
1973,1.0,06/03/2012
1974,-1.0,07/03/2012
1975,1.0,08/03/2012
1976,-1.0,09/03/2012
1977,1.0,12/03/2012
1978,1.0,13/03/2012
1979,-1.0,14/03/2012
1980,-1.0,15/03/2012
1981,-1.0,16/03/2012
1982,1.0,19/03/2012
1983,1.0,20/03/2012
1984,1.0,21/03/2012
1985,-1.0,22/03/2012
1986,-1.0,23/03/2012
1987,1.0,26/03/2012
1988,1.0,27/03/2012
1989,-1.0,28/03/2012
1990,1.0,29/03/2012
1991,-1.0,30/03/2012
1992,-1.0,02/04/2012
1993,1.0,03/04/2012
1994,-1.0,04/04/2012
1995,1.0,05/04/2012
1996,1.0,06/04/2012
1997,1.0,09/04/2012
1998,-1.0,10/04/2012
1999,-1.0,11/04/2012
2000,1.0,12/04/2012
2001,1.0,13/04/2012
2002,1.0,16/04/2012
2003,1.0,17/04/2012
2004,-1.0,18/04/2012
2005,1.0,19/04/2012
2006,-1.0,20/04/2012
2007,1.0,23/04/2012
2008,-1.0,24/04/2012
2009,1.0,25/04/2012
2010,-1.0,26/04/2012
2011,1.0,27/04/2012
2012,-1.0,30/04/2012
2013,-1.0,01/05/2012
2014,1.0,02/05/2012
2015,-1.0,03/05/2012
2016,-1.0,04/05/2012
2017,1.0,07/05/2012
2018,-1.0,08/05/2012
2019,-1.0,09/05/2012
2020,1.0,10/05/2012
2021,1.0,11/05/2012
2022,1.0,14/05/2012
2023,1.0,15/05/2012
2024,1.0,16/05/2012
2025,-1.0,17/05/2012
2026,1.0,18/05/2012
2027,1.0,21/05/2012
2028,1.0,22/05/2012
2029,-1.0,23/05/2012
2030,1.0,24/05/2012
2031,-1.0,25/05/2012
2032,-1.0,29/05/2012
2033,1.0,30/05/2012
2034,-1.0,31/05/2012
2035,1.0,01/06/2012
2036,1.0,04/06/2012
2037,1.0,05/06/2012
2038,1.0,06/06/2012
2039,-1.0,07/06/2012
2040,1.0,08/06/2012
2041,-1.0,11/06/2012
2042,1.0,12/06/2012
2043,1.0,13/06/2012
2044,-1.0,14/06/2012
2045,1.0,15/06/2012
2046,1.0,18/06/2012
2047,-1.0,19/06/2012
2048,-1.0,20/06/2012
2049,-1.0,21/06/2012
2050,-1.0,22/06/2012
2051,-1.0,25/06/2012
2052,-1.0,26/06/2012
2053,1.0,27/06/2012
2054,1.0,28/06/2012
2055,-1.0,29/06/2012
2056,1.0,02/07/2012
2057,1.0,03/07/2012
2058,1.0,04/07/2012
2059,-1.0,05/07/2012
2060,1.0,06/07/2012
2061,-1.0,09/07/2012
2062,1.0,10/07/2012
2063,-1.0,11/07/2012
2064,1.0,12/07/2012
2065,1.0,13/07/2012
2066,1.0,16/07/2012
2067,-1.0,17/07/2012
2068,1.0,18/07/2012
2069,1.0,19/07/2012
2070,1.0,20/07/2012
2071,-1.0,23/07/2012
2072,1.0,24/07/2012
2073,1.0,25/07/2012
2074,1.0,26/07/2012
2075,1.0,27/07/2012
2076,-1.0,30/07/2012
2077,-1.0,31/07/2012
2078,1.0,01/08/2012
2079,1.0,02/08/2012
2080,1.0,03/08/2012
2081,1.0,06/08/2012
2082,-1.0,07/08/2012
2083,-1.0,08/08/2012
2084,-1.0,09/08/2012
2085,-1.0,10/08/2012
2086,1.0,13/08/2012
2087,-1.0,14/08/2012
2088,-1.0,15/08/2012
2089,1.0,16/08/2012
2090,-1.0,17/08/2012
2091,1.0,20/08/2012
2092,1.0,21/08/2012
2093,1.0,22/08/2012
2094,1.0,23/08/2012
2095,1.0,24/08/2012
2096,1.0,27/08/2012
2097,1.0,28/08/2012
2098,-1.0,29/08/2012
2099,-1.0,30/08/2012
2100,-1.0,31/08/2012
2101,1.0,03/09/2012
2102,-1.0,04/09/2012
2103,1.0,05/09/2012
2104,1.0,06/09/2012
2105,-1.0,07/09/2012
2106,-1.0,10/09/2012
2107,-1.0,11/09/2012
2108,1.0,12/09/2012
2109,1.0,13/09/2012
2110,1.0,14/09/2012
2111,-1.0,17/09/2012
2112,-1.0,18/09/2012
2113,1.0,19/09/2012
2114,-1.0,20/09/2012
2115,1.0,21/09/2012
2116,1.0,24/09/2012
2117,-1.0,25/09/2012
2118,1.0,26/09/2012
2119,1.0,27/09/2012
2120,-1.0,28/09/2012
2121,-1.0,01/10/2012
2122,1.0,02/10/2012
2123,-1.0,03/10/2012
2124,1.0,04/10/2012
2125,1.0,05/10/2012
2126,1.0,08/10/2012
2127,-1.0,09/10/2012
2128,1.0,10/10/2012
2129,1.0,11/10/2012
2130,-1.0,12/10/2012
2131,-1.0,15/10/2012
2132,1.0,16/10/2012
2133,1.0,17/10/2012
2134,1.0,18/10/2012
2135,-1.0,19/10/2012
2136,1.0,22/10/2012
2137,1.0,23/10/2012
2138,-1.0,24/10/2012
2139,1.0,25/10/2012
2140,-1.0,26/10/2012
2141,1.0,29/10/2012
2142,1.0,30/10/2012
2143,1.0,31/10/2012
2144,1.0,01/11/2012
2145,-1.0,02/11/2012
2146,-1.0,05/11/2012
2147,-1.0,06/11/2012
2148,-1.0,07/11/2012
2149,-1.0,08/11/2012
2150,-1.0,09/11/2012
2151,1.0,12/11/2012
2152,-1.0,13/11/2012
2153,1.0,14/11/2012
2154,1.0,15/11/2012
2155,1.0,16/11/2012
2156,-1.0,19/11/2012
2157,1.0,20/11/2012
2158,-1.0,21/11/2012
2159,1.0,22/11/2012
2160,-1.0,23/11/2012
2161,1.0,26/11/2012
2162,-1.0,27/11/2012
2163,-1.0,28/11/2012
2164,-1.0,29/11/2012
2165,1.0,30/11/2012
2166,1.0,03/12/2012
2167,1.0,04/12/2012
2168,1.0,05/12/2012
2169,1.0,06/12/2012
2170,-1.0,07/12/2012
2171,1.0,10/12/2012
2172,1.0,11/12/2012
2173,1.0,12/12/2012
2174,-1.0,13/12/2012
2175,1.0,14/12/2012
2176,-1.0,17/12/2012
2177,1.0,18/12/2012
2178,-1.0,19/12/2012
2179,-1.0,20/12/2012
2180,1.0,21/12/2012
2181,1.0,24/12/2012
2182,1.0,26/12/2012
2183,1.0,27/12/2012
2184,1.0,28/12/2012
2185,1.0,31/12/2012
2186,1.0,02/01/2013
2187,-1.0,03/01/2013
2188,-1.0,04/01/2013
2189,1.0,07/01/2013
2190,1.0,08/01/2013
2191,1.0,09/01/2013
2192,1.0,10/01/2013
2193,-1.0,11/01/2013
2194,-1.0,14/01/2013
2195,-1.0,15/01/2013
2196,-1.0,16/01/2013
2197,-1.0,17/01/2013
2198,1.0,18/01/2013
2199,1.0,21/01/2013
2200,1.0,22/01/2013
2201,-1.0,23/01/2013
2202,-1.0,24/01/2013
2203,-1.0,25/01/2013
2204,1.0,28/01/2013
2205,1.0,29/01/2013
2206,-1.0,30/01/2013
2207,-1.0,31/01/2013
2208,-1.0,01/02/2013
2209,1.0,04/02/2013
2210,-1.0,05/02/2013
2211,-1.0,06/02/2013
2212,-1.0,07/02/2013
2213,1.0,08/02/2013
2214,1.0,11/02/2013
2215,-1.0,12/02/2013
2216,1.0,13/02/2013
2217,1.0,14/02/2013
2218,-1.0,15/02/2013
2219,-1.0,18/02/2013
2220,1.0,19/02/2013
2221,1.0,20/02/2013
2222,1.0,21/02/2013
2223,-1.0,22/02/2013
2224,-1.0,25/02/2013
2225,1.0,26/02/2013
2226,-1.0,27/02/2013
2227,1.0,28/02/2013
2228,1.0,01/03/2013
2229,1.0,04/03/2013
2230,-1.0,05/03/2013
2231,-1.0,06/03/2013
2232,-1.0,07/03/2013
2233,1.0,08/03/2013
2234,1.0,11/03/2013
2235,-1.0,12/03/2013
2236,-1.0,13/03/2013
2237,-1.0,14/03/2013
2238,-1.0,15/03/2013
2239,1.0,18/03/2013
2240,1.0,19/03/2013
2241,1.0,20/03/2013
2242,1.0,21/03/2013
2243,-1.0,22/03/2013
2244,1.0,25/03/2013
2245,-1.0,26/03/2013
2246,1.0,27/03/2013
2247,1.0,28/03/2013
2248,1.0,01/04/2013
2249,-1.0,02/04/2013
2250,1.0,03/04/2013
2251,-1.0,04/04/2013
2252,1.0,05/04/2013
2253,1.0,08/04/2013
2254,1.0,09/04/2013
2255,-1.0,10/04/2013
2256,-1.0,11/04/2013
2257,1.0,12/04/2013
2258,1.0,15/04/2013
2259,1.0,16/04/2013
2260,1.0,17/04/2013
2261,-1.0,18/04/2013
2262,-1.0,19/04/2013
2263,1.0,22/04/2013
2264,-1.0,23/04/2013
2265,-1.0,24/04/2013
2266,-1.0,25/04/2013
2267,-1.0,26/04/2013
2268,-1.0,29/04/2013
2269,1.0,30/04/2013
2270,1.0,01/05/2013
2271,-1.0,02/05/2013
2272,-1.0,03/05/2013
2273,1.0,06/05/2013
2274,-1.0,07/05/2013
2275,1.0,08/05/2013
2276,1.0,09/05/2013
2277,1.0,10/05/2013
2278,1.0,13/05/2013
2279,1.0,14/05/2013
2280,1.0,15/05/2013
2281,1.0,16/05/2013
2282,-1.0,17/05/2013
2283,-1.0,20/05/2013
2284,1.0,21/05/2013
2285,-1.0,22/05/2013
2286,1.0,23/05/2013
2287,-1.0,24/05/2013
2288,1.0,27/05/2013
2289,-1.0,28/05/2013
2290,-1.0,29/05/2013
2291,1.0,30/05/2013
2292,1.0,31/05/2013
2293,1.0,03/06/2013
2294,1.0,04/06/2013
2295,1.0,05/06/2013
2296,-1.0,06/06/2013
2297,-1.0,07/06/2013
2298,1.0,10/06/2013
2299,1.0,11/06/2013
2300,1.0,12/06/2013
2301,1.0,13/06/2013
2302,-1.0,14/06/2013
2303,1.0,17/06/2013
2304,1.0,18/06/2013
2305,1.0,19/06/2013
2306,1.0,20/06/2013
2307,1.0,21/06/2013
2308,-1.0,24/06/2013
2309,-1.0,25/06/2013
2310,1.0,26/06/2013
2311,-1.0,27/06/2013
2312,-1.0,28/06/2013
2313,-1.0,01/07/2013
2314,-1.0,02/07/2013
2315,1.0,03/07/2013
2316,-1.0,04/07/2013
2317,1.0,05/07/2013
2318,1.0,08/07/2013
2319,1.0,09/07/2013
2320,1.0,10/07/2013
2321,-1.0,11/07/2013
2322,-1.0,12/07/2013
2323,1.0,15/07/2013
2324,1.0,16/07/2013
2325,-1.0,17/07/2013
2326,-1.0,18/07/2013
2327,1.0,19/07/2013
2328,-1.0,22/07/2013
2329,1.0,23/07/2013
2330,1.0,24/07/2013
2331,1.0,25/07/2013
2332,1.0,26/07/2013
2333,1.0,29/07/2013
2334,1.0,30/07/2013
2335,-1.0,31/07/2013
2336,1.0,01/08/2013
2337,1.0,02/08/2013
2338,1.0,05/08/2013
2339,1.0,06/08/2013
2340,-1.0,07/08/2013
2341,1.0,08/08/2013
2342,-1.0,09/08/2013
2343,-1.0,12/08/2013
2344,-1.0,13/08/2013
2345,1.0,14/08/2013
2346,1.0,15/08/2013
2347,-1.0,16/08/2013
2348,1.0,19/08/2013
2349,1.0,20/08/2013
2350,1.0,21/08/2013
2351,-1.0,22/08/2013
2352,1.0,23/08/2013
2353,-1.0,26/08/2013
2354,-1.0,27/08/2013
2355,1.0,28/08/2013
2356,1.0,29/08/2013
2357,1.0,30/08/2013
2358,-1.0,02/09/2013
2359,-1.0,03/09/2013
2360,-1.0,04/09/2013
2361,-1.0,05/09/2013
2362,1.0,06/09/2013
2363,1.0,09/09/2013
2364,1.0,10/09/2013
2365,1.0,11/09/2013
2366,1.0,12/09/2013
2367,1.0,13/09/2013
2368,-1.0,16/09/2013
2369,1.0,17/09/2013
2370,1.0,18/09/2013
2371,1.0,19/09/2013
2372,1.0,20/09/2013
2373,1.0,23/09/2013
2374,-1.0,24/09/2013
2375,-1.0,25/09/2013
2376,-1.0,26/09/2013
2377,-1.0,27/09/2013
2378,1.0,30/09/2013
2379,-1.0,01/10/2013
2380,-1.0,02/10/2013
2381,1.0,03/10/2013
2382,1.0,04/10/2013
2383,-1.0,07/10/2013
2384,1.0,08/10/2013
2385,1.0,09/10/2013
2386,-1.0,10/10/2013
2387,-1.0,11/10/2013
2388,1.0,14/10/2013
2389,1.0,15/10/2013
2390,1.0,16/10/2013
2391,1.0,17/10/2013
2392,1.0,18/10/2013
2393,1.0,21/10/2013
2394,-1.0,22/10/2013
2395,-1.0,23/10/2013
2396,1.0,24/10/2013
2397,-1.0,25/10/2013
2398,1.0,28/10/2013
2399,1.0,29/10/2013
2400,1.0,30/10/2013
2401,-1.0,31/10/2013
2402,1.0,01/11/2013
2403,-1.0,04/11/2013
2404,-1.0,05/11/2013
2405,1.0,06/11/2013
2406,1.0,07/11/2013
2407,-1.0,08/11/2013
2408,-1.0,11/11/2013
2409,1.0,12/11/2013
2410,1.0,13/11/2013
2411,1.0,14/11/2013
2412,1.0,15/11/2013
2413,1.0,18/11/2013
2414,1.0,19/11/2013
2415,-1.0,20/11/2013
2416,-1.0,21/11/2013
2417,1.0,22/11/2013
2418,1.0,25/11/2013
2419,-1.0,26/11/2013
2420,1.0,27/11/2013
2421,-1.0,28/11/2013
2422,1.0,29/11/2013
2423,1.0,02/12/2013
2424,1.0,03/12/2013
2425,1.0,04/12/2013
2426,-1.0,05/12/2013
2427,1.0,06/12/2013
2428,-1.0,09/12/2013
2429,1.0,10/12/2013
2430,1.0,11/12/2013
2431,1.0,12/12/2013
2432,1.0,13/12/2013
2433,1.0,16/12/2013
2434,-1.0,17/12/2013
2435,-1.0,18/12/2013
2436,1.0,19/12/2013
2437,-1.0,20/12/2013
2438,1.0,23/12/2013
2439,1.0,24/12/2013
2440,1.0,26/12/2013
2441,1.0,27/12/2013
2442,-1.0,30/12/2013
2443,-1.0,31/12/2013
2444,1.0,02/01/2014
2445,-1.0,03/01/2014
2446,1.0,06/01/2014
2447,1.0,07/01/2014
2448,1.0,08/01/2014
2449,-1.0,09/01/2014
2450,1.0,10/01/2014
2451,1.0,13/01/2014
2452,1.0,14/01/2014
2453,1.0,15/01/2014
2454,1.0,16/01/2014
2455,-1.0,17/01/2014
2456,1.0,20/01/2014
2457,1.0,21/01/2014
2458,-1.0,22/01/2014
2459,1.0,23/01/2014
2460,1.0,24/01/2014
2461,1.0,27/01/2014
2462,1.0,28/01/2014
2463,1.0,29/01/2014
2464,1.0,30/01/2014
2465,1.0,31/01/2014
2466,1.0,03/02/2014
2467,1.0,04/02/2014
2468,-1.0,05/02/2014
2469,1.0,06/02/2014
2470,-1.0,07/02/2014
2471,1.0,10/02/2014
2472,-1.0,11/02/2014
2473,1.0,12/02/2014
2474,-1.0,13/02/2014
2475,1.0,14/02/2014
2476,1.0,17/02/2014
2477,1.0,18/02/2014
2478,1.0,19/02/2014
2479,-1.0,20/02/2014
2480,1.0,21/02/2014
2481,1.0,24/02/2014
2482,1.0,25/02/2014
2483,-1.0,26/02/2014
2484,1.0,27/02/2014
2485,1.0,28/02/2014
2486,1.0,03/03/2014
2487,-1.0,04/03/2014
2488,1.0,05/03/2014
2489,-1.0,06/03/2014
2490,-1.0,07/03/2014
2491,1.0,10/03/2014
2492,-1.0,11/03/2014
2493,1.0,12/03/2014
2494,1.0,13/03/2014
2495,1.0,14/03/2014
2496,1.0,17/03/2014
2497,-1.0,18/03/2014
2498,-1.0,19/03/2014
2499,1.0,20/03/2014
2500,-1.0,21/03/2014
2501,-1.0,24/03/2014
2502,1.0,25/03/2014
2503,1.0,26/03/2014
2504,1.0,27/03/2014
2505,1.0,28/03/2014
2506,1.0,31/03/2014
2507,1.0,01/04/2014
2508,-1.0,02/04/2014
2509,1.0,03/04/2014
2510,1.0,04/04/2014
2511,-1.0,07/04/2014
2512,-1.0,08/04/2014
2513,-1.0,09/04/2014
2514,1.0,10/04/2014
2515,1.0,11/04/2014
2516,1.0,14/04/2014
2517,1.0,15/04/2014
2518,1.0,16/04/2014
2519,1.0,17/04/2014
2520,1.0,21/04/2014
2521,1.0,22/04/2014
2522,1.0,23/04/2014
2523,1.0,24/04/2014
2524,1.0,25/04/2014
2525,-1.0,28/04/2014
2526,1.0,29/04/2014
2527,1.0,30/04/2014
2528,-1.0,01/05/2014
2529,-1.0,02/05/2014
2530,-1.0,05/05/2014
2531,1.0,06/05/2014
2532,1.0,07/05/2014
2533,-1.0,08/05/2014
2534,1.0,09/05/2014
2535,1.0,12/05/2014
2536,-1.0,13/05/2014
2537,1.0,14/05/2014
2538,1.0,15/05/2014
2539,1.0,16/05/2014
2540,1.0,19/05/2014
2541,1.0,20/05/2014
2542,1.0,21/05/2014
2543,1.0,22/05/2014
2544,1.0,23/05/2014
2545,1.0,26/05/2014
2546,1.0,27/05/2014
2547,1.0,28/05/2014
2548,1.0,29/05/2014
2549,1.0,30/05/2014
2550,-1.0,02/06/2014
2551,1.0,03/06/2014
2552,1.0,04/06/2014
2553,1.0,05/06/2014
2554,1.0,06/06/2014
2555,1.0,09/06/2014
2556,-1.0,10/06/2014
2557,1.0,11/06/2014
2558,1.0,12/06/2014
2559,1.0,13/06/2014
2560,-1.0,16/06/2014
2561,1.0,17/06/2014
2562,-1.0,18/06/2014
2563,1.0,19/06/2014
2564,1.0,20/06/2014
2565,1.0,23/06/2014
2566,1.0,24/06/2014
2567,1.0,25/06/2014
2568,-1.0,26/06/2014
2569,1.0,27/06/2014
2570,1.0,30/06/2014
2571,-1.0,01/07/2014
2572,1.0,02/07/2014
2573,-1.0,03/07/2014
2574,1.0,04/07/2014
2575,-1.0,07/07/2014
2576,1.0,08/07/2014
2577,1.0,09/07/2014
2578,1.0,10/07/2014
2579,1.0,11/07/2014
2580,1.0,14/07/2014
2581,1.0,15/07/2014
2582,1.0,16/07/2014
2583,1.0,17/07/2014
2584,-1.0,18/07/2014
2585,1.0,21/07/2014
2586,1.0,22/07/2014
2587,1.0,23/07/2014
2588,1.0,24/07/2014
2589,-1.0,25/07/2014
2590,-1.0,28/07/2014
2591,-1.0,29/07/2014
2592,1.0,30/07/2014
2593,1.0,31/07/2014
2594,1.0,01/08/2014
2595,1.0,04/08/2014
2596,1.0,05/08/2014
2597,1.0,06/08/2014
2598,-1.0,07/08/2014
2599,1.0,08/08/2014
2600,1.0,11/08/2014
2601,1.0,12/08/2014
2602,1.0,13/08/2014
2603,1.0,14/08/2014
2604,1.0,15/08/2014
2605,1.0,18/08/2014
2606,1.0,19/08/2014
2607,1.0,20/08/2014
2608,1.0,21/08/2014
2609,1.0,22/08/2014
2610,1.0,25/08/2014
2611,1.0,26/08/2014
2612,1.0,27/08/2014
2613,-1.0,28/08/2014
2614,1.0,29/08/2014
2615,1.0,01/09/2014
2616,-1.0,02/09/2014
2617,1.0,03/09/2014
2618,1.0,04/09/2014
2619,1.0,05/09/2014
2620,1.0,08/09/2014
2621,1.0,09/09/2014
2622,1.0,10/09/2014
2623,1.0,11/09/2014
2624,-1.0,12/09/2014
2625,1.0,15/09/2014
2626,-1.0,16/09/2014
2627,1.0,17/09/2014
2628,-1.0,18/09/2014
2629,1.0,19/09/2014
2630,1.0,22/09/2014
2631,1.0,23/09/2014
2632,1.0,24/09/2014
2633,1.0,25/09/2014
2634,-1.0,26/09/2014
2635,-1.0,29/09/2014
2636,1.0,30/09/2014
2637,1.0,01/10/2014
2638,1.0,02/10/2014
2639,1.0,03/10/2014
2640,1.0,06/10/2014
2641,1.0,07/10/2014
2642,1.0,08/10/2014
2643,1.0,09/10/2014
2644,1.0,10/10/2014
2645,-1.0,13/10/2014
2646,1.0,14/10/2014
2647,1.0,15/10/2014
2648,-1.0,16/10/2014
2649,-1.0,17/10/2014
2650,1.0,20/10/2014
2651,1.0,21/10/2014
2652,-1.0,22/10/2014
2653,-1.0,23/10/2014
2654,1.0,24/10/2014
2655,1.0,27/10/2014
2656,1.0,28/10/2014
2657,1.0,29/10/2014
2658,1.0,30/10/2014
2659,1.0,31/10/2014
2660,1.0,03/11/2014
2661,-1.0,04/11/2014
2662,1.0,05/11/2014
2663,1.0,06/11/2014
2664,1.0,07/11/2014
2665,-1.0,10/11/2014
2666,1.0,11/11/2014
2667,1.0,12/11/2014
2668,1.0,13/11/2014
2669,1.0,14/11/2014
2670,1.0,17/11/2014
2671,1.0,18/11/2014
2672,-1.0,19/11/2014
2673,1.0,20/11/2014
2674,1.0,21/11/2014
2675,1.0,24/11/2014
2676,1.0,25/11/2014
2677,1.0,26/11/2014
2678,-1.0,27/11/2014
2679,1.0,28/11/2014
2680,1.0,01/12/2014
2681,-1.0,02/12/2014
2682,1.0,03/12/2014
2683,1.0,04/12/2014
2684,-1.0,05/12/2014
2685,1.0,08/12/2014
2686,1.0,09/12/2014
2687,1.0,10/12/2014
2688,1.0,11/12/2014
2689,-1.0,12/12/2014
2690,1.0,15/12/2014
2691,-1.0,16/12/2014
2692,1.0,17/12/2014
2693,1.0,18/12/2014
2694,1.0,19/12/2014
2695,-1.0,22/12/2014
2696,-1.0,23/12/2014
2697,-1.0,24/12/2014
2698,-1.0,26/12/2014
2699,-1.0,29/12/2014
2700,1.0,30/12/2014
2701,-1.0,31/12/2014
2702,-1.0,02/01/2015
2703,1.0,05/01/2015
2704,1.0,06/01/2015
2705,-1.0,07/01/2015
2706,1.0,08/01/2015
2707,1.0,09/01/2015
2708,1.0,12/01/2015
2709,1.0,13/01/2015
2710,-1.0,14/01/2015
2711,1.0,15/01/2015
2712,1.0,16/01/2015
2713,1.0,19/01/2015
2714,-1.0,20/01/2015
2715,1.0,21/01/2015
2716,1.0,22/01/2015
2717,1.0,23/01/2015
2718,1.0,26/01/2015
2719,1.0,27/01/2015
2720,1.0,28/01/2015
2721,1.0,29/01/2015
2722,1.0,30/01/2015
2723,1.0,02/02/2015
2724,-1.0,03/02/2015
2725,1.0,04/02/2015
2726,1.0,05/02/2015
2727,-1.0,06/02/2015
2728,1.0,09/02/2015
2729,-1.0,10/02/2015
2730,1.0,11/02/2015
2731,1.0,12/02/2015
2732,1.0,13/02/2015
2733,-1.0,16/02/2015
2734,1.0,17/02/2015
2735,1.0,18/02/2015
2736,1.0,19/02/2015
2737,-1.0,20/02/2015
2738,1.0,23/02/2015
2739,-1.0,24/02/2015
2740,-1.0,25/02/2015
2741,-1.0,26/02/2015
2742,-1.0,27/02/2015
2743,1.0,02/03/2015
2744,1.0,03/03/2015
2745,-1.0,04/03/2015
2746,1.0,05/03/2015
2747,1.0,06/03/2015
2748,1.0,09/03/2015
2749,-1.0,10/03/2015
2750,1.0,11/03/2015
2751,1.0,12/03/2015
2752,1.0,13/03/2015
2753,1.0,16/03/2015
2754,1.0,17/03/2015
2755,1.0,18/03/2015
2756,1.0,19/03/2015
2757,-1.0,20/03/2015
2758,-1.0,23/03/2015
2759,-1.0,24/03/2015
2760,-1.0,25/03/2015
2761,1.0,26/03/2015
2762,1.0,27/03/2015
2763,-1.0,30/03/2015
2764,1.0,31/03/2015
2765,1.0,01/04/2015
2766,-1.0,02/04/2015
2767,-1.0,03/04/2015
2768,-1.0,06/04/2015
2769,1.0,07/04/2015
2770,-1.0,08/04/2015
2771,1.0,09/04/2015
2772,1.0,10/04/2015
2773,-1.0,13/04/2015
2774,-1.0,14/04/2015
2775,-1.0,15/04/2015
2776,1.0,16/04/2015
2777,1.0,17/04/2015
2778,1.0,20/04/2015
2779,1.0,21/04/2015
2780,1.0,22/04/2015
2781,1.0,23/04/2015
2782,-1.0,24/04/2015
2783,1.0,27/04/2015
2784,-1.0,28/04/2015
2785,-1.0,29/04/2015
2786,1.0,30/04/2015
2787,1.0,01/05/2015
2788,1.0,04/05/2015
2789,-1.0,05/05/2015
2790,1.0,06/05/2015
2791,-1.0,07/05/2015
2792,1.0,08/05/2015
2793,1.0,11/05/2015
2794,-1.0,12/05/2015
2795,1.0,13/05/2015
2796,1.0,14/05/2015
2797,1.0,15/05/2015
2798,-1.0,18/05/2015
2799,-1.0,19/05/2015
2800,1.0,20/05/2015
2801,1.0,21/05/2015
2802,-1.0,22/05/2015
2803,1.0,25/05/2015
2804,1.0,26/05/2015
2805,1.0,27/05/2015
2806,1.0,28/05/2015
2807,1.0,29/05/2015
2808,1.0,01/06/2015
2809,-1.0,02/06/2015
2810,-1.0,03/06/2015
2811,1.0,04/06/2015
2812,-1.0,05/06/2015
2813,1.0,08/06/2015
2814,-1.0,09/06/2015
2815,1.0,10/06/2015
2816,1.0,11/06/2015
2817,1.0,12/06/2015
2818,1.0,15/06/2015
2819,-1.0,16/06/2015
2820,1.0,17/06/2015
2821,1.0,18/06/2015
2822,1.0,19/06/2015
2823,1.0,22/06/2015
2824,1.0,23/06/2015
2825,1.0,24/06/2015
2826,1.0,25/06/2015
2827,-1.0,26/06/2015
2828,1.0,29/06/2015
2829,1.0,30/06/2015
2830,-1.0,01/07/2015
2831,1.0,02/07/2015
2832,1.0,06/07/2015
2833,1.0,07/07/2015
2834,1.0,08/07/2015
2835,1.0,09/07/2015
2836,1.0,10/07/2015
2837,1.0,13/07/2015
2838,1.0,14/07/2015
2839,1.0,15/07/2015
2840,1.0,16/07/2015
2841,1.0,17/07/2015
2842,1.0,20/07/2015
2843,1.0,21/07/2015
2844,1.0,22/07/2015
2845,1.0,23/07/2015
2846,1.0,24/07/2015
2847,1.0,27/07/2015
2848,-1.0,28/07/2015
2849,1.0,29/07/2015
2850,1.0,30/07/2015
2851,1.0,31/07/2015
2852,1.0,03/08/2015
2853,-1.0,04/08/2015
2854,1.0,05/08/2015
2855,1.0,06/08/2015
2856,-1.0,07/08/2015
2857,1.0,10/08/2015
2858,1.0,11/08/2015
2859,-1.0,12/08/2015
2860,1.0,13/08/2015
2861,-1.0,14/08/2015
2862,1.0,17/08/2015
2863,1.0,18/08/2015
2864,-1.0,19/08/2015
2865,1.0,20/08/2015
2866,1.0,21/08/2015
2867,1.0,24/08/2015
2868,1.0,25/08/2015
2869,-1.0,26/08/2015
2870,1.0,27/08/2015
2871,1.0,28/08/2015
2872,1.0,31/08/2015
2873,1.0,01/09/2015
2874,1.0,02/09/2015
2875,1.0,03/09/2015
2876,-1.0,04/09/2015
2877,-1.0,07/09/2015
2878,-1.0,08/09/2015
2879,-1.0,09/09/2015
2880,-1.0,10/09/2015
2881,1.0,11/09/2015
2882,1.0,14/09/2015
2883,1.0,15/09/2015
2884,1.0,16/09/2015
2885,-1.0,17/09/2015
2886,1.0,18/09/2015
2887,1.0,21/09/2015
2888,1.0,22/09/2015
2889,1.0,23/09/2015
2890,-1.0,24/09/2015
2891,1.0,25/09/2015
2892,1.0,28/09/2015
2893,1.0,29/09/2015
2894,1.0,30/09/2015
2895,-1.0,01/10/2015
2896,-1.0,02/10/2015
2897,1.0,05/10/2015
2898,1.0,06/10/2015
2899,1.0,07/10/2015
2900,1.0,08/10/2015
2901,1.0,09/10/2015
2902,-1.0,12/10/2015
2903,1.0,13/10/2015
2904,-1.0,14/10/2015
2905,-1.0,15/10/2015
2906,1.0,16/10/2015
2907,-1.0,19/10/2015
2908,1.0,20/10/2015
2909,1.0,21/10/2015
2910,1.0,22/10/2015
2911,1.0,23/10/2015
2912,1.0,26/10/2015
2913,1.0,27/10/2015
2914,-1.0,28/10/2015
2915,1.0,29/10/2015
2916,-1.0,30/10/2015
2917,-1.0,02/11/2015
2918,1.0,03/11/2015
2919,-1.0,04/11/2015
2920,1.0,05/11/2015
2921,1.0,06/11/2015
2922,1.0,09/11/2015
2923,1.0,10/11/2015
2924,1.0,11/11/2015
2925,1.0,12/11/2015
2926,1.0,13/11/2015
2927,-1.0,16/11/2015
2928,1.0,17/11/2015
2929,1.0,18/11/2015
2930,1.0,19/11/2015
2931,1.0,20/11/2015
2932,1.0,23/11/2015
2933,-1.0,24/11/2015
2934,1.0,25/11/2015
2935,-1.0,26/11/2015
2936,1.0,27/11/2015
2937,1.0,30/11/2015
2938,-1.0,01/12/2015
2939,1.0,02/12/2015
2940,1.0,03/12/2015
2941,1.0,04/12/2015
2942,1.0,07/12/2015
2943,1.0,08/12/2015
2944,-1.0,09/12/2015
2945,1.0,10/12/2015
2946,1.0,11/12/2015
2947,1.0,14/12/2015
2948,1.0,15/12/2015
2949,-1.0,16/12/2015
2950,1.0,17/12/2015
2951,1.0,18/12/2015
2952,1.0,21/12/2015
2953,-1.0,22/12/2015
2954,-1.0,23/12/2015
2955,1.0,24/12/2015
2956,1.0,28/12/2015
2957,-1.0,29/12/2015
2958,1.0,30/12/2015
2959,1.0,31/12/2015
2960,1.0,04/01/2016
2961,1.0,05/01/2016
2962,1.0,06/01/2016
2963,1.0,07/01/2016
2964,1.0,08/01/2016
2965,1.0,11/01/2016
2966,1.0,12/01/2016
2967,1.0,13/01/2016
2968,1.0,14/01/2016
2969,-1.0,15/01/2016
2970,-1.0,19/01/2016
2971,1.0,20/01/2016
2972,-1.0,21/01/2016
2973,1.0,22/01/2016
2974,-1.0,25/01/2016
2975,1.0,26/01/2016
2976,1.0,27/01/2016
2977,1.0,28/01/2016
2978,-1.0,29/01/2016
2979,1.0,01/02/2016
2980,-1.0,02/02/2016
2981,1.0,03/02/2016
2982,1.0,04/02/2016
2983,1.0,05/02/2016
2984,1.0,08/02/2016
2985,-1.0,09/02/2016
2986,1.0,10/02/2016
2987,1.0,11/02/2016
2988,1.0,12/02/2016
2989,1.0,15/02/2016
2990,-1.0,16/02/2016
2991,-1.0,17/02/2016
2992,-1.0,18/02/2016
2993,-1.0,19/02/2016
2994,1.0,22/02/2016
2995,1.0,23/02/2016
2996,1.0,24/02/2016
2997,-1.0,25/02/2016
2998,1.0,26/02/2016
2999,1.0,29/02/2016
3000,-1.0,01/03/2016
3001,1.0,02/03/2016
3002,-1.0,03/03/2016
3003,1.0,04/03/2016
3004,1.0,07/03/2016
3005,1.0,08/03/2016
3006,1.0,09/03/2016
3007,1.0,10/03/2016
3008,-1.0,11/03/2016
3009,1.0,14/03/2016
3010,1.0,15/03/2016
3011,1.0,16/03/2016
3012,1.0,17/03/2016
3013,-1.0,18/03/2016
3014,-1.0,21/03/2016
3015,1.0,22/03/2016
3016,1.0,23/03/2016
3017,1.0,24/03/2016
3018,1.0,28/03/2016
3019,-1.0,29/03/2016
3020,-1.0,30/03/2016
3021,-1.0,31/03/2016
3022,1.0,01/04/2016
3023,1.0,04/04/2016
3024,1.0,05/04/2016
3025,-1.0,06/04/2016
3026,1.0,07/04/2016
3027,1.0,08/04/2016
3028,-1.0,11/04/2016
3029,-1.0,12/04/2016
3030,1.0,13/04/2016
3031,-1.0,14/04/2016
3032,1.0,15/04/2016
3033,-1.0,18/04/2016
3034,-1.0,19/04/2016
3035,-1.0,20/04/2016
3036,1.0,21/04/2016
3037,1.0,22/04/2016
3038,-1.0,25/04/2016
3039,-1.0,26/04/2016
3040,1.0,27/04/2016
3041,-1.0,28/04/2016
3042,1.0,29/04/2016
3043,-1.0,02/05/2016
3044,-1.0,03/05/2016
3045,-1.0,04/05/2016
3046,1.0,05/05/2016
3047,1.0,06/05/2016
3048,-1.0,09/05/2016
3049,-1.0,10/05/2016
3050,-1.0,11/05/2016
3051,1.0,12/05/2016
3052,-1.0,13/05/2016
3053,1.0,16/05/2016
3054,-1.0,17/05/2016
3055,1.0,18/05/2016
3056,1.0,19/05/2016
3057,1.0,20/05/2016
3058,-1.0,23/05/2016
3059,1.0,24/05/2016
3060,1.0,25/05/2016
3061,1.0,26/05/2016
3062,1.0,27/05/2016
3063,-1.0,30/05/2016
3064,1.0,31/05/2016
3065,-1.0,01/06/2016
3066,1.0,02/06/2016
3067,-1.0,03/06/2016
3068,1.0,06/06/2016
3069,1.0,07/06/2016
3070,1.0,08/06/2016
3071,1.0,09/06/2016
3072,1.0,10/06/2016
3073,-1.0,13/06/2016
3074,1.0,14/06/2016
3075,1.0,15/06/2016
3076,1.0,16/06/2016
3077,1.0,17/06/2016
3078,1.0,20/06/2016
3079,1.0,21/06/2016
3080,1.0,22/06/2016
3081,-1.0,23/06/2016
3082,1.0,24/06/2016
3083,1.0,27/06/2016
3084,1.0,28/06/2016
3085,1.0,29/06/2016
3086,-1.0,30/06/2016
3087,-1.0,01/07/2016
3088,1.0,04/07/2016
3089,1.0,05/07/2016
3090,-1.0,06/07/2016
3091,1.0,07/07/2016
3092,1.0,08/07/2016
3093,1.0,11/07/2016
3094,1.0,12/07/2016
3095,1.0,13/07/2016
3096,-1.0,14/07/2016
3097,-1.0,15/07/2016
3098,1.0,18/07/2016
3099,1.0,19/07/2016
3100,1.0,20/07/2016
3101,-1.0,21/07/2016
3102,1.0,22/07/2016
3103,-1.0,25/07/2016
3104,1.0,26/07/2016
3105,1.0,27/07/2016
3106,1.0,28/07/2016
3107,-1.0,29/07/2016
3108,1.0,01/08/2016
3109,-1.0,02/08/2016
3110,1.0,03/08/2016
3111,-1.0,04/08/2016
3112,1.0,05/08/2016
3113,-1.0,08/08/2016
3114,1.0,09/08/2016
3115,-1.0,10/08/2016
3116,-1.0,11/08/2016
3117,-1.0,12/08/2016
3118,1.0,15/08/2016
3119,1.0,16/08/2016
3120,1.0,17/08/2016
3121,-1.0,18/08/2016
3122,1.0,19/08/2016
3123,1.0,22/08/2016
3124,1.0,23/08/2016
3125,-1.0,24/08/2016
3126,-1.0,25/08/2016
3127,-1.0,26/08/2016
3128,1.0,29/08/2016
3129,1.0,30/08/2016
3130,1.0,31/08/2016
3131,1.0,01/09/2016
3132,1.0,02/09/2016
3133,1.0,05/09/2016
3134,-1.0,06/09/2016
3135,-1.0,07/09/2016
3136,1.0,08/09/2016
3137,1.0,09/09/2016
3138,1.0,12/09/2016
3139,-1.0,13/09/2016
3140,-1.0,14/09/2016
3141,1.0,15/09/2016
3142,1.0,16/09/2016
3143,1.0,19/09/2016
3144,1.0,20/09/2016
3145,-1.0,21/09/2016
3146,1.0,22/09/2016
3147,-1.0,23/09/2016
3148,-1.0,26/09/2016
3149,-1.0,27/09/2016
3150,1.0,28/09/2016
3151,-1.0,29/09/2016
3152,-1.0,30/09/2016
3153,1.0,03/10/2016
3154,1.0,04/10/2016
3155,-1.0,05/10/2016
3156,1.0,06/10/2016
3157,1.0,07/10/2016
3158,1.0,10/10/2016
3159,1.0,11/10/2016
3160,-1.0,12/10/2016
3161,1.0,13/10/2016
3162,1.0,14/10/2016
3163,-1.0,17/10/2016
3164,-1.0,18/10/2016
3165,1.0,19/10/2016
3166,-1.0,20/10/2016
3167,1.0,21/10/2016
3168,1.0,24/10/2016
3169,-1.0,25/10/2016
3170,1.0,26/10/2016
3171,1.0,27/10/2016
3172,1.0,28/10/2016
3173,1.0,31/10/2016
3174,1.0,01/11/2016
3175,-1.0,02/11/2016
3176,-1.0,03/11/2016
3177,1.0,04/11/2016
3178,1.0,07/11/2016
3179,1.0,08/11/2016
3180,1.0,09/11/2016
3181,1.0,10/11/2016
3182,-1.0,11/11/2016
3183,1.0,14/11/2016
3184,-1.0,15/11/2016
3185,-1.0,16/11/2016
3186,-1.0,17/11/2016
3187,1.0,18/11/2016
3188,1.0,21/11/2016
3189,1.0,22/11/2016
3190,-1.0,23/11/2016
3191,1.0,24/11/2016
3192,1.0,25/11/2016
3193,1.0,28/11/2016
3194,1.0,29/11/2016
3195,1.0,30/11/2016
3196,1.0,01/12/2016
3197,1.0,02/12/2016
3198,1.0,05/12/2016
3199,1.0,06/12/2016
3200,1.0,07/12/2016
3201,1.0,08/12/2016
3202,-1.0,09/12/2016
3203,1.0,12/12/2016
3204,1.0,13/12/2016
3205,1.0,14/12/2016
3206,-1.0,15/12/2016
3207,1.0,16/12/2016
3208,1.0,19/12/2016
3209,1.0,20/12/2016
3210,-1.0,21/12/2016
3211,1.0,22/12/2016
3212,1.0,23/12/2016
3213,-1.0,27/12/2016
3214,-1.0,28/12/2016
3215,1.0,29/12/2016
3216,-1.0,30/12/2016
3217,-1.0,03/01/2017
3218,1.0,04/01/2017
3219,-1.0,05/01/2017
3220,-1.0,06/01/2017
3221,1.0,09/01/2017
3222,1.0,10/01/2017
3223,1.0,11/01/2017
3224,1.0,12/01/2017
3225,1.0,13/01/2017
3226,1.0,16/01/2017
3227,-1.0,17/01/2017
3228,1.0,18/01/2017
3229,1.0,19/01/2017
3230,-1.0,20/01/2017
3231,1.0,23/01/2017
3232,1.0,24/01/2017
3233,1.0,25/01/2017
3234,1.0,26/01/2017
3235,1.0,27/01/2017
3236,-1.0,30/01/2017
3237,1.0,31/01/2017
3238,1.0,01/02/2017
3239,-1.0,02/02/2017
3240,-1.0,03/02/2017
3241,1.0,06/02/2017
3242,-1.0,07/02/2017
3243,1.0,08/02/2017
3244,1.0,09/02/2017
3245,1.0,10/02/2017
3246,1.0,13/02/2017
3247,-1.0,14/02/2017
3248,1.0,15/02/2017
3249,1.0,16/02/2017
3250,-1.0,17/02/2017
3251,1.0,20/02/2017
3252,1.0,21/02/2017
3253,1.0,22/02/2017
3254,1.0,23/02/2017
3255,1.0,24/02/2017
3256,1.0,27/02/2017
3257,1.0,28/02/2017
3258,-1.0,01/03/2017
3259,1.0,02/03/2017
3260,-1.0,03/03/2017
3261,1.0,06/03/2017
3262,-1.0,07/03/2017
3263,1.0,08/03/2017
3264,1.0,09/03/2017
3265,-1.0,10/03/2017
3266,-1.0,13/03/2017
3267,1.0,14/03/2017
3268,1.0,15/03/2017
3269,-1.0,16/03/2017
3270,-1.0,17/03/2017
3271,1.0,20/03/2017
3272,-1.0,21/03/2017
3273,-1.0,22/03/2017
3274,1.0,23/03/2017
3275,1.0,24/03/2017
3276,1.0,27/03/2017
3277,1.0,28/03/2017
3278,-1.0,29/03/2017
3279,-1.0,30/03/2017
3280,-1.0,31/03/2017
3281,1.0,03/04/2017
3282,1.0,04/04/2017
3283,1.0,05/04/2017
3284,-1.0,06/04/2017
3285,-1.0,07/04/2017
3286,1.0,10/04/2017
3287,-1.0,11/04/2017
3288,1.0,12/04/2017
3289,1.0,13/04/2017
3290,-1.0,17/04/2017
3291,1.0,18/04/2017
3292,-1.0,19/04/2017
3293,-1.0,20/04/2017
3294,-1.0,21/04/2017
3295,1.0,24/04/2017
3296,1.0,25/04/2017
3297,1.0,26/04/2017
3298,1.0,27/04/2017
3299,-1.0,28/04/2017
3300,1.0,01/05/2017
3301,1.0,02/05/2017
3302,1.0,03/05/2017
3303,1.0,04/05/2017
3304,1.0,05/05/2017
3305,-1.0,08/05/2017
3306,-1.0,09/05/2017
3307,1.0,10/05/2017
3308,-1.0,11/05/2017
3309,-1.0,12/05/2017
3310,1.0,15/05/2017
3311,1.0,16/05/2017
3312,1.0,17/05/2017
3313,-1.0,18/05/2017
3314,1.0,19/05/2017
3315,1.0,22/05/2017
3316,1.0,23/05/2017
3317,1.0,24/05/2017
3318,-1.0,25/05/2017
3319,1.0,26/05/2017
3320,-1.0,29/05/2017
3321,1.0,30/05/2017
3322,1.0,31/05/2017
3323,1.0,01/06/2017
3324,1.0,02/06/2017
3325,-1.0,05/06/2017
3326,-1.0,06/06/2017
3327,1.0,07/06/2017
3328,-1.0,08/06/2017
3329,-1.0,09/06/2017
3330,1.0,12/06/2017
3331,1.0,13/06/2017
3332,1.0,14/06/2017
3333,-1.0,15/06/2017
3334,1.0,16/06/2017
3335,1.0,19/06/2017
3336,-1.0,20/06/2017
3337,-1.0,21/06/2017
3338,-1.0,22/06/2017
3339,1.0,23/06/2017
3340,-1.0,26/06/2017
3341,1.0,27/06/2017
3342,-1.0,28/06/2017
3343,1.0,29/06/2017
3344,-1.0,30/06/2017
3345,-1.0,03/07/2017
3346,1.0,04/07/2017
3347,1.0,05/07/2017
3348,-1.0,06/07/2017
3349,1.0,07/07/2017
3350,-1.0,10/07/2017
3351,-1.0,11/07/2017
3352,-1.0,12/07/2017
3353,-1.0,13/07/2017
3354,1.0,14/07/2017
3355,1.0,17/07/2017
3356,1.0,18/07/2017
3357,1.0,19/07/2017
3358,1.0,20/07/2017
3359,-1.0,21/07/2017
3360,1.0,24/07/2017
3361,-1.0,25/07/2017
3362,1.0,26/07/2017
3363,-1.0,27/07/2017
3364,1.0,28/07/2017
3365,1.0,31/07/2017
3366,1.0,01/08/2017
3367,1.0,02/08/2017
3368,-1.0,03/08/2017
3369,-1.0,04/08/2017
3370,-1.0,07/08/2017
3371,1.0,08/08/2017
3372,1.0,09/08/2017
3373,1.0,10/08/2017
3374,1.0,11/08/2017
3375,1.0,14/08/2017
3376,1.0,15/08/2017
3377,1.0,16/08/2017
3378,1.0,17/08/2017
3379,-1.0,18/08/2017
3380,1.0,21/08/2017
3381,-1.0,22/08/2017
3382,-1.0,23/08/2017
3383,-1.0,24/08/2017
3384,1.0,25/08/2017
3385,1.0,28/08/2017
3386,-1.0,29/08/2017
3387,1.0,30/08/2017
3388,-1.0,31/08/2017
3389,1.0,01/09/2017
3390,1.0,04/09/2017
3391,1.0,05/09/2017
3392,-1.0,06/09/2017
3393,-1.0,07/09/2017
3394,1.0,08/09/2017
3395,-1.0,11/09/2017
3396,-1.0,12/09/2017
3397,1.0,13/09/2017
3398,1.0,14/09/2017
3399,-1.0,15/09/2017
3400,1.0,18/09/2017
3401,1.0,19/09/2017
3402,1.0,20/09/2017
3403,1.0,21/09/2017
3404,1.0,22/09/2017
3405,1.0,25/09/2017
3406,-1.0,26/09/2017
3407,1.0,27/09/2017
3408,1.0,28/09/2017
3409,-1.0,29/09/2017
3410,1.0,02/10/2017
3411,-1.0,03/10/2017
3412,-1.0,04/10/2017
3413,1.0,05/10/2017
3414,1.0,06/10/2017
3415,-1.0,09/10/2017
3416,-1.0,10/10/2017
3417,1.0,11/10/2017
3418,-1.0,12/10/2017
3419,-1.0,13/10/2017
3420,1.0,16/10/2017
3421,1.0,17/10/2017
3422,-1.0,18/10/2017
3423,1.0,19/10/2017
3424,1.0,20/10/2017
3425,-1.0,23/10/2017
3426,-1.0,24/10/2017
3427,-1.0,25/10/2017
3428,-1.0,26/10/2017
3429,1.0,27/10/2017
3430,1.0,30/10/2017
3431,-1.0,31/10/2017
