DATE,OPEN,HIGH,LOW,CLOSE,VOLUME,CLASS
02/01/2013,7744.5,7805.5,7727,7791.5,117745,1
03/01/2013,7769,7781,7740,7750,76991,-1
04/01/2013,7747.5,7792.5,7730,7781,82768,1
07/01/2013,7765,7778,7715,7736,72842,-1
08/01/2013,7716,7758.5,7686,7708.5,95492,-1
09/01/2013,7714,7739,7692,7714.5,83825,1
10/01/2013,7744,7779,7687.5,7733.5,108943,-1
11/01/2013,7730.5,7735,7686.5,7729,87207,-1
14/01/2013,7745,7790.5,7705,7737,102574,-1
15/01/2013,7719,7739,7636.5,7698,124133,-1
16/01/2013,7674.5,7699,7646,7682,105569,1
17/01/2013,7676,7769,7664.5,7729.5,113818,1
18/01/2013,7743.5,7756.5,7706.5,7730,107263,-1
21/01/2013,7723.5,7762,7721,7751,40618,1
22/01/2013,7741.5,7750.5,7633,7719.5,138238,-1
23/01/2013,7713.5,7735,7687,7718,91942,1
24/01/2013,7705,7759.5,7661.5,7742.5,114710,1
25/01/2013,7741.5,7878,7740.5,7878,120326,1
28/01/2013,7883,7888,7833,7842,81673,-1
29/01/2013,7850,7859.5,7801.5,7853.5,88876,1
30/01/2013,7858,7869,7774.5,7795.5,100092,-1
31/01/2013,7786.5,7813.5,7762,7777,105114,-1
01/02/2013,7796.5,7856,7785,7837,118116,1
04/02/2013,7830.5,7838.5,7602,7633,158131,-1
05/02/2013,7625.5,7684,7621.5,7655.5,115642,1
06/02/2013,7674.5,7695,7536.5,7596,154455,-1
07/02/2013,7579.5,7662.5,7565,7607,138030,1
08/02/2013,7619.5,7655,7576,7654,91336,1
11/02/2013,7654,7678,7596.5,7629.5,85313,-1
12/02/2013,7615.5,7669,7592,7662,98313,1
13/02/2013,7662,7739,7648.5,7703,98028,1
14/02/2013,7696.5,7728.5,7606,7646.5,131056,-1
15/02/2013,7631,7651,7570,7599.5,111424,-1
18/02/2013,7607.5,7633,7567.5,7632,56340,1
19/02/2013,7620,7765.5,7609,7751,119712,1
20/02/2013,7753,7784.5,7705,7705,115823,-1
21/02/2013,7693,7698,7559.5,7605,160124,-1
22/02/2013,7622.5,7700,7607.5,7700,120607,1
25/02/2013,7695.5,7864,7633,7638,211333,-1
26/02/2013,7607.5,7680,7587,7639,166202,1
27/02/2013,7628.5,7724,7564,7709,152051,1
28/02/2013,7722.5,7784.5,7691,7738.5,117382,1
01/03/2013,7726.5,7768.5,7627.5,7717,162455,-1
04/03/2013,7665.5,7734,7635.5,7731,118586,1
05/03/2013,7748.5,7884.5,7737.5,7841,169591,1
06/03/2013,7854,7977.5,7851,7933.5,149442,1
07/03/2013,7936.5,7958,7909.5,7940,138407,1
08/03/2013,7946,8028,7942,7986,147894,1
11/03/2013,7985,7999,7955,7999,136228,1
12/03/2013,7981,8003,7933.5,7973,170497,-1
13/03/2013,7977,7991,7940.5,7983.5,192292,1
14/03/2013,7995,8061.5,7986,8050,125262,1
15/03/2013,8080,8089,8007,8050,105919,-1
18/03/2013,7913.5,8033.5,7858.5,8004.5,116869,1
19/03/2013,7996.5,8014.5,7932,7966.5,128289,-1
20/03/2013,7975.5,8047.5,7974,8007.5,108313,1
21/03/2013,8001,8013.5,7898,7932.5,130932,-1
22/03/2013,7915,7967,7884.5,7950.5,105451,1
25/03/2013,8014.5,8044.5,7860,7898,151171,-1
26/03/2013,7905,7927.5,7871.5,7909.5,102018,1
27/03/2013,7915,7931.5,7757.5,7827,142432,-1
28/03/2013,7810,7857.5,7786,7840.5,93369,1
02/04/2013,7800.5,7962.5,7793.5,7929,107740,1
03/04/2013,7923,7967,7865,7874.5,99022,-1
04/04/2013,7902,7942.5,7817,7847,134834,-1
05/04/2013,7820,7838.5,7643,7687.5,140890,-1
08/04/2013,7673.5,7710,7657,7699,88542,1
09/04/2013,7714,7735.5,7618,7673.5,116777,-1
10/04/2013,7663,7835.5,7662,7827,124585,1
11/04/2013,7819,7897.5,7796.5,7852.5,99656,1
12/04/2013,7840,7849,7735,7791,129312,-1
15/04/2013,7759,7784,7657.5,7664.5,131841,-1
16/04/2013,7693,7751.5,7647,7718,133495,1
17/04/2013,7708,7741,7481.5,7530,209132,-1
18/04/2013,7527,7566,7445,7478,155928,-1
19/04/2013,7505,7539.5,7422,7468,136753,-1
22/04/2013,7514,7545.5,7443.5,7501.5,119993,-1
23/04/2013,7485.5,7690,7450.5,7682,176254,1
24/04/2013,7678.5,7785,7660.5,7763.5,140300,1
25/04/2013,7770,7865,7749,7821.5,111625,1
26/04/2013,7820,7853.5,7774.5,7835,102631,1
29/04/2013,7841,7933,7828.5,7919.5,95288,1
30/04/2013,7920,7971.5,7896,7934.5,112766,1
02/05/2013,7907,8012.5,7897,7971.5,139706,1
03/05/2013,7982,8138,7961,8125,123601,1
06/05/2013,8133,8153,8105.5,8126.5,51903,-1
07/05/2013,8124,8210,8119.5,8189.5,83833,1
08/05/2013,8191.5,8263.5,8164.5,8258,92921,1
09/05/2013,8247,8280,8225,8251.5,72461,1
10/05/2013,8276,8360,8253,8301.5,126237,1
13/05/2013,8280.5,8296.5,8217.5,8287,91628,1
14/05/2013,8302,8354,8235,8351.5,96991,1
15/05/2013,8347,8376.5,8299,8363.5,107853,1
16/05/2013,8352,8404,8320,8346,92675,-1
17/05/2013,8354,8477.5,8327,8456.5,109727,1
20/05/2013,8447,8463,8400,8442,65622,-1
21/05/2013,8436,8487.5,8395.5,8465,91688,1
22/05/2013,8470.5,8561,8436.5,8459.5,120563,-1
23/05/2013,8385,8424.5,8281,8382,146742,-1
24/05/2013,8384,8401,8261,8334.5,122125,-1
27/05/2013,8342,8394,8331.5,8385,33716,1
28/05/2013,8402,8530,8395.5,8455,111487,1
29/05/2013,8442,8451,8317,8364,123984,-1
30/05/2013,8328.5,8423,8298.5,8396,105446,1
31/05/2013,8397,8406.5,8298,8306,125890,-1
03/06/2013,8315,8399,8215,8337,153810,1
04/06/2013,8347,8389,8240,8272,99109,-1
05/06/2013,8244,8296.5,8165,8169.5,132958,-1
06/06/2013,8186.5,8237,8052,8152,135543,-1
07/06/2013,8131.5,8284,8035,8265,158686,1
10/06/2013,8245,8358.5,8239,8285.5,109066,1
11/06/2013,8278,8282.5,8140.5,8170,139362,-1
12/06/2013,8199,8249.5,8100.5,8100.5,128507,-1
13/06/2013,8031,8170.5,7966.5,8163.5,160931,1
14/06/2013,8142,8188,8076.5,8085.5,114444,-1
17/06/2013,8139,8268,8137.5,8191,137061,1
18/06/2013,8203.5,8243.5,8174,8241.5,101830,1
19/06/2013,8240.5,8286.5,8131,8138.5,144352,-1
20/06/2013,8061.5,8076,7873,7893.5,169507,-1
21/06/2013,7937.5,7990,7777.5,7838,158403,-1
24/06/2013,7755,7831,7660,7726.5,163722,-1
25/06/2013,7716,7850.5,7714,7841,135791,1
26/06/2013,7821,7973,7805.5,7957,114320,1
27/06/2013,7957.5,8030,7922.5,7976,92171,1
28/06/2013,8003.5,8045,7907,7947,113210,-1
01/07/2013,7955.5,8028.5,7892.5,7957,115707,1
02/07/2013,7982.5,7997,7848,7888,111935,-1
03/07/2013,7866,7878,7731,7852,119427,-1
04/07/2013,7868.5,8022.5,7863.5,8005,84465,1
05/07/2013,8016,8038,7806,7860,134273,-1
08/07/2013,7869.5,8019,7846.5,7980.5,100523,1
09/07/2013,8025.5,8091.5,8006,8079.5,93965,1
10/07/2013,8058,8100,7991.5,8073.5,84700,1
11/07/2013,8198,8211.5,8131,8188,92363,-1
12/07/2013,8181.5,8245,8176.5,8227.5,80336,1
15/07/2013,8234,8274.5,8212.5,8242,124314,1
16/07/2013,8240,8262.5,8179,8199.5,72339,-1
17/07/2013,8211.5,8272,8138.5,8251.5,98159,1
18/07/2013,8238.5,8341,8217,8324.5,88830,1
19/07/2013,8294.5,8341.5,8285.5,8340,82447,1
22/07/2013,8362,8381,8311,8327,71673,-1
23/07/2013,8355,8369.5,8307,8323,69836,-1
24/07/2013,8316.5,8419,8316.5,8368,104236,1
25/07/2013,8373,8374.5,8266.5,8338.5,98904,-1
26/07/2013,8338,8365,8217.5,8284.5,88147,-1
29/07/2013,8266.5,8329,8243.5,8275,70823,1
30/07/2013,8291,8339.5,8246,8252.5,80408,-1
31/07/2013,8269.5,8306.5,8213.5,8272.5,99014,1
01/08/2013,8322,8464.5,8310.5,8442.5,93840,1
02/08/2013,8442.5,8446.5,8378.5,8421.5,67393,-1
05/08/2013,8428,8437,8368,8396,51717,-1
06/08/2013,8400.5,8442.5,8267,8279,84222,-1
07/08/2013,8248.5,8284,8231,8269.5,75814,1
08/08/2013,8284,8354,8251.5,8332.5,74823,1
09/08/2013,8339,8377,8285,8352,78599,1
12/08/2013,8356,8373.5,8237,8364,91322,1
13/08/2013,8388,8447,8382.5,8441,83491,1
14/08/2013,8447.5,8462,8401.5,8437,70718,-1
15/08/2013,8417.5,8424,8308,8358,95818,-1
16/08/2013,8353.5,8404,8330.5,8376,79468,1
19/08/2013,8380,8397,8325.5,8333.5,76360,-1
20/08/2013,8316.5,8322.5,8244.5,8304,102433,-1
21/08/2013,8300,8346,8260.5,8284,77862,-1
22/08/2013,8255,8433.5,8247.5,8423,94572,1
23/08/2013,8418,8441,8359,8423,73964,1
26/08/2013,8432,8450,8386.5,8405,40980,-1
27/08/2013,8388,8425.5,8190,8205,137643,-1
28/08/2013,8221,8239,8095,8150,115758,-1
29/08/2013,8150.5,8202,8131,8169.5,88684,1
30/08/2013,8214,8220,8086,8088,97585,-1
02/09/2013,8185,8269,8173,8235.5,64423,1
03/09/2013,8253.5,8277,8139.5,8182,105125,-1
04/09/2013,8194,8216.5,8094.5,8212.5,104095,1
05/09/2013,8218.5,8259,8164,8235,93756,1
06/09/2013,8209.5,8300,8172,8256,127910,1
09/09/2013,8287,8320,8245.5,8307.5,76989,1
10/09/2013,8325,8479,8324,8474.5,111570,1
11/09/2013,8470,8514,8445.5,8510,84214,1
12/09/2013,8506,8518,8467,8485.5,74116,-1
13/09/2013,8477,8521.5,8455.5,8517.5,73429,1
16/09/2013,8615,8629.5,8577,8608,105010,-1
17/09/2013,8604,8626,8586,8618,88003,1
18/09/2013,8626,8758.5,8594,8748.5,95901,1
19/09/2013,8746.5,8772.5,8666.5,8681,99411,-1
20/09/2013,8704,8721.5,8660,8660,83397,-1
23/09/2013,8683,8705,8609,8648,89090,-1
24/09/2013,8652,8692,8636,8665,73618,1
25/09/2013,8670,8688,8614,8657.5,99285,-1
26/09/2013,8684,8697.5,8629.5,8677.5,70806,-1
27/09/2013,8670,8696.5,8615.5,8674.5,84915,1
30/09/2013,8592,8626,8549.5,8616,103009,1
01/10/2013,8627.5,8707,8614,8707,98850,1
02/10/2013,8682.5,8686,8583.5,8653,101897,-1
03/10/2013,8638.5,8659.5,8565,8585,80192,-1
04/10/2013,8582,8649,8573,8643,71101,1
07/10/2013,8599,8609,8510.5,8583.5,92471,-1
08/10/2013,8591,8615,8522.5,8530,92519,-1
09/10/2013,8558,8594,8487,8535.5,97939,-1
10/10/2013,8570,8744,8550,8731,117433,1
11/10/2013,8729,8750,8698.5,8740.5,67169,1
14/10/2013,8690,8763,8678,8753,65940,1
15/10/2013,8753.5,8826,8746,8783.5,98349,1
16/10/2013,8801.5,8867,8784.5,8852,92410,1
17/10/2013,8831,8845,8766.5,8826,83140,-1
18/10/2013,8850,8869,8806.5,8855.5,78560,1
21/10/2013,8872,8887,8836,8866,68399,-1
22/10/2013,8867,8990,8849,8952,114283,1
23/10/2013,8916,8935,8898,8920,80849,1
24/10/2013,8961,9001,8952,8976,71632,1
25/10/2013,8951,9012,8936,8987,74662,1
28/10/2013,9023.5,9032,8952.5,8988,69033,-1
29/10/2013,8990,9042.5,8963.5,9034,71870,1
30/10/2013,9041,9075,8976.5,8998,94436,-1
31/10/2013,8977,9054.5,8975,9028.5,93788,1
01/11/2013,9036,9050,8993.5,9035,82785,-1
04/11/2013,9038,9059.5,9020,9059,57606,1
05/11/2013,9056,9057.5,8965,9008,92538,-1
06/11/2013,9045,9067.5,9023,9043,81193,-1
07/11/2013,9032,9197.5,9003,9022,167171,-1
08/11/2013,9030.5,9100,8990,9098,118600,1
11/11/2013,9087,9125.5,9066,9118,66394,1
12/11/2013,9119,9126.5,9060,9076,79865,-1
13/11/2013,9052.5,9111,8983,9109,113507,1
14/11/2013,9123,9157.5,9103.5,9149,94263,1
15/11/2013,9154,9192,9136,9178.5,79547,1
18/11/2013,9165,9257,9140,9203.5,100236,1
19/11/2013,9201.5,9220.5,9162.5,9182.5,86641,-1
20/11/2013,9172.5,9239,9145,9166,90763,-1
21/11/2013,9150,9219.5,9117.5,9217.5,86727,1
22/11/2013,9214,9231.5,9171,9224.5,75813,1
25/11/2013,9241,9327,9237,9293.5,82404,1
26/11/2013,9299,9319.5,9290,9309,68963,1
27/11/2013,9313.5,9368,9299,9354,73164,1
28/11/2013,9358,9404,9356.5,9390,44413,1
29/11/2013,9384.5,9428,9382,9413,47251,1
02/12/2013,9408.5,9429.5,9386,9386.5,73132,-1
03/12/2013,9385,9407,9204,9231.5,141846,-1
04/12/2013,9235,9264,9066,9140.5,136539,-1
05/12/2013,9120,9175.5,9076.5,9082,100363,-1
06/12/2013,9110.5,9216.5,9085.5,9203,99207,1
09/12/2013,9219,9229,9172.5,9183.5,68184,-1
10/12/2013,9192,9227,9091,9118,91675,-1
11/12/2013,9112.5,9155.5,9036,9043,89344,-1
12/12/2013,9026.5,9064,8983.5,9007.5,105692,-1
13/12/2013,9029.5,9048,8990.5,9029,82209,-1
16/12/2013,8995,9189.5,8985.5,9165,125915,1
17/12/2013,9153.5,9164,9081,9100.5,91601,-1
18/12/2013,9124,9279,9122.5,9279,94821,1
19/12/2013,9251,9354,9251,9340.5,99774,1
20/12/2013,9380,9429.5,9365,9408,78780,1
23/12/2013,9450,9517,9435,9506.5,43738,1
27/12/2013,9563.5,9607,9557,9594,48074,1
30/12/2013,9599,9616,9566,9615,36055,1
02/01/2014,9637,9642.5,9382.5,9413,96604,-1
03/01/2014,9387,9461.5,9376.5,9428.5,69655,1
06/01/2014,9434,9478.5,9407,9443,73023,1
07/01/2014,9447,9527,9424,9508,77797,1
08/01/2014,9510.5,9536,9474.5,9497,77243,-1
09/01/2014,9492,9557.5,9410,9458.5,105481,-1
10/01/2014,9477,9539,9448,9513,93054,1
13/01/2014,9496.5,9526,9432.5,9442.5,79392,-1
14/01/2014,9443,9581.5,9386.5,9577,114100,1
15/01/2014,9583,9781,9573.5,9767,121598,1
16/01/2014,9764,9768.5,9710.5,9735,82455,-1
17/01/2014,9739,9799,9703,9723,107568,-1
20/01/2014,9723.5,9742,9679,9726,47130,1
21/01/2014,9752.5,9802.5,9720,9758.5,87500,1
22/01/2014,9771,9775.5,9683.5,9739,83132,-1
23/01/2014,9711,9737.5,9603,9656,115782,-1
24/01/2014,9667.5,9675.5,9346.5,9350.5,187376,-1
27/01/2014,9344,9413.5,9291,9346.5,160552,1
28/01/2014,9360,9469,9352.5,9460.5,132382,1
29/01/2014,9498,9544,9226,9306.5,199468,-1
30/01/2014,9322,9436,9272,9410,109236,1
31/01/2014,9380,9385,9167,9296,152417,-1
03/02/2014,9290.5,9363,9092,9108.5,152223,-1
04/02/2014,9120,9173,9074.5,9152,151192,1
05/02/2014,9113,9158.5,9085.5,9130,120024,1
06/02/2014,9126.5,9278,9010,9267.5,145383,1
07/02/2014,9285,9353,9225,9347.5,115342,1
10/02/2014,9349,9351.5,9282.5,9302,86623,-1
11/02/2014,9328,9521,9327.5,9491.5,116957,1
12/02/2014,9512,9600,9495.5,9552,104237,1
13/02/2014,9512,9643.5,9482,9635,104867,1
14/02/2014,9614,9681.5,9595.5,9661,91142,1
17/02/2014,9656,9687,9647,9656,37804,-1
18/02/2014,9676.5,9698.5,9615.5,9648.5,92997,-1
19/02/2014,9644,9701,9581,9592,108813,-1
20/02/2014,9570,9627.5,9504.5,9617,117464,1
21/02/2014,9647.5,9671.5,9600,9626,90381,-1
24/02/2014,9629.5,9737.5,9604.5,9700.5,90424,1
25/02/2014,9700,9716,9631,9678.5,90359,-1
26/02/2014,9716,9724.5,9613,9642.5,82969,-1
27/02/2014,9656.5,9676.5,9493,9613,130937,-1
28/02/2014,9619.5,9698,9566,9655,105135,1
03/03/2014,9527.5,9550,9322,9350.5,171212,-1
04/03/2014,9423,9592,9415,9563.5,129682,1
05/03/2014,9557,9603,9524.5,9550.5,78909,-1
06/03/2014,9568,9590,9502.5,9526,84904,-1
07/03/2014,9548,9556.5,9345.5,9393,131496,-1
10/03/2014,9353,9384.5,9215,9299.5,115089,-1
11/03/2014,9291,9377.5,9256.5,9278.5,106668,-1
12/03/2014,9270,9274.5,9141.5,9216,139451,-1
13/03/2014,9220.5,9229,8928,8961.5,162458,-1
14/03/2014,8941,9095.5,8909.5,9047.5,163089,1
17/03/2014,9072,9199.5,9053,9191.5,123452,1
18/03/2014,9189,9317.5,9103,9256,149359,1
19/03/2014,9255.5,9328.5,9169.5,9223,94444,-1
20/03/2014,9195,9303,9155,9296,101277,1
21/03/2014,9330,9398,9288.5,9309,101668,-1
24/03/2014,9336.5,9381.5,9197.5,9234.5,130575,-1
25/03/2014,9240,9403.5,9233.5,9393,124768,1
26/03/2014,9411,9509.5,9378.5,9419,110323,1
27/03/2014,9435.5,9491.5,9415.5,9465,103813,1
28/03/2014,9486,9612,9473,9596,99458,1
31/03/2014,9642,9655,9562,9592,89062,-1
01/04/2014,9608.5,9647.5,9594,9644.5,37785,1
03/04/2014,9639.5,9712,9610.5,9655,77894,1
04/04/2014,9663.5,9741.5,9634.5,9645,100990,-1
07/04/2014,9629,9642,9470.5,9502.5,131724,-1
08/04/2014,9535,9548.5,9411,9500.5,120043,-1
09/04/2014,9502.5,9573,9498,9569,79338,1
10/04/2014,9557,9601,9352,9363,145888,-1
11/04/2014,9371.5,9408,9276.5,9283,140170,-1
14/04/2014,9275,9363.5,9212.5,9358.5,111625,1
15/04/2014,9359,9363,9102.5,9232,172128,-1
16/04/2014,9272,9371,9236.5,9355.5,111142,1
17/04/2014,9328.5,9484.5,9292,9462,94170,1
22/04/2014,9471.5,9630.5,9453,9626.5,85477,1
23/04/2014,9626,9634,9555.5,9579.5,74184,-1
24/04/2014,9613,9665,9423,9540,123457,-1
25/04/2014,9535,9536,9382,9427,114793,-1
28/04/2014,9431,9514,9388,9480.5,103714,1
29/04/2014,9509.5,9630.5,9495,9599,109359,1
30/04/2014,9586,9638.5,9572.5,9634,86626,1
02/05/2014,9644,9650,9542.5,9567.5,91622,-1
05/05/2014,9564.5,9564.5,9415,9558,76834,-1
06/05/2014,9583.5,9595,9443,9454.5,99993,-1
07/05/2014,9431,9564,9401.5,9558,140242,1
08/05/2014,9559,9633,9493.5,9575,120550,1
09/05/2014,9580,9626,9565,9609,86404,1
12/05/2014,9632,9737,9593,9737,95785,1
13/05/2014,9741,9794,9739,9767,94618,1
14/05/2014,9779,9787,9728,9740,81852,-1
15/05/2014,9747,9822,9636,9682,137648,-1
16/05/2014,9678,9690,9582,9640,114663,-1
19/05/2014,9632.5,9684.5,9536.5,9668,97711,1
20/05/2014,9666.5,9693.5,9594,9620,83753,-1
21/05/2014,9629,9715.5,9586,9705,89826,1
22/05/2014,9745,9745,9692,9727.5,71077,-1
23/05/2014,9734,9783,9707.5,9779,59561,1
26/05/2014,9795,9899.5,9785.5,9882.5,43313,1
27/05/2014,9885,9955,9882,9949,75409,1
28/05/2014,9963.5,9974,9900.5,9922.5,74062,-1
29/05/2014,9939.5,9963.5,9920.5,9956.5,41161,1
30/05/2014,9943,9978,9925,9953.5,67337,1
02/06/2014,9972,9993,9907.5,9962,62279,-1
03/06/2014,9954,9961.5,9887,9914.5,65886,-1
04/06/2014,9899,9942.5,9868,9940,73021,1
05/06/2014,9934,10017,9896,9964,134299,1
06/06/2014,9976,10010,9942.5,10010,80082,1
09/06/2014,10008,10022.5,9985,10011,39788,1
10/06/2014,9999.5,10038,9987.5,10025.5,62288,1
11/06/2014,10020,10024.5,9920,9946,89177,-1
12/06/2014,9960,9973,9895,9907,76120,-1
13/06/2014,9942,9947.5,9828,9907,98414,-1
16/06/2014,9885,9927.5,9872.5,9907,80908,1
17/06/2014,9920,9986,9859,9933,125814,1
18/06/2014,9945,10007,9921,9991,113991,1
19/06/2014,10006,10024,9992.5,10005.5,82433,-1
20/06/2014,10006.5,10056,9982,10000.5,73406,-1
23/06/2014,10012.5,10020.5,9881,9940.5,89045,-1
24/06/2014,9935,9959,9901,9905.5,68185,-1
25/06/2014,9899,9923,9842,9901.5,88464,1
26/06/2014,9897,9914,9756.5,9842.5,94061,-1
27/06/2014,9827,9855,9796.5,9853,60777,1
30/06/2014,9848,9898,9805.5,9839,83838,-1
01/07/2014,9860,9935,9840.5,9918,70140,1
02/07/2014,9908.5,9944,9896,9920,61823,1
03/07/2014,9930,10044,9912.5,10039.5,86921,1
04/07/2014,10034,10043,10012,10023.5,25413,-1
07/07/2014,10014,10020.5,9903,9921.5,73288,-1
08/07/2014,9929,9934,9751,9787,111799,-1
09/07/2014,9794.5,9834.5,9755.5,9825.5,80550,1
10/07/2014,9825.5,9826,9620.5,9690,138346,-1
11/07/2014,9690,9712,9626,9677,83953,-1
14/07/2014,9709,9799,9694,9770,65573,1
15/07/2014,9769.5,9793,9690,9740.5,97935,-1
16/07/2014,9737,9877,9735,9869,85400,1
17/07/2014,9839,9853,9686,9700.5,119726,-1
18/07/2014,9702,9751.5,9653,9741,98294,1
21/07/2014,9729,9734,9595,9643,98910,-1
22/07/2014,9664,9744,9648.5,9707.5,85869,1
23/07/2014,9700,9806,9696,9764,74758,1
24/07/2014,9755,9819,9675.5,9783,91570,1
25/07/2014,9780,9798,9622,9654,98482,-1
28/07/2014,9650.5,9677.5,9529,9619.5,96556,-1
29/07/2014,9622,9697,9575.5,9623.5,95519,1
30/07/2014,9645,9710,9574.5,9602,103955,-1
31/07/2014,9599,9607.5,9367.5,9369,159197,-1
01/08/2014,9396,9409.5,9152.5,9194,165117,-1
04/08/2014,9226.5,9263,9130.5,9213.5,129839,-1
05/08/2014,9175,9239.5,9080.5,9101.5,125782,-1
06/08/2014,9114,9168.5,9031,9113,141395,-1
07/08/2014,9136,9172.5,8975,8999,163439,-1
08/08/2014,8950,9101.5,8903,9097,151962,1
11/08/2014,9102,9201,9087,9158,97278,1
12/08/2014,9173,9182,9047,9082,99395,-1
13/08/2014,9099,9215.5,9099,9204,89855,1
14/08/2014,9210.5,9266,9141,9243.5,93605,1
15/08/2014,9244.5,9326,9042.5,9133.5,132710,-1
18/08/2014,9222,9270,9191.5,9268,77343,1
19/08/2014,9271.5,9353,9268,9338,69452,1
20/08/2014,9327.5,9342,9245.5,9334,83592,1
21/08/2014,9343.5,9407.5,9276.5,9393.5,84941,1
22/08/2014,9388.5,9415.5,9288,9347,101695,-1
25/08/2014,9403,9515.5,9402.5,9489,68192,1
26/08/2014,9462,9593,9443,9573.5,87165,1
27/08/2014,9587,9601,9545,9563.5,62733,-1
28/08/2014,9564,9568,9414.5,9466,120867,-1
29/08/2014,9490,9518,9368,9473.5,95161,-1
01/09/2014,9482.5,9510,9423.5,9477.5,45017,-1
02/09/2014,9496,9580.5,9467,9495.5,91408,-1
03/09/2014,9516.5,9685.5,9516,9620,143586,1
04/09/2014,9613.5,9736.5,9537.5,9711,171924,1
05/09/2014,9702.5,9790,9688.5,9789,125380,1
08/09/2014,9784.5,9784.5,9713.5,9730,79719,-1
09/09/2014,9726,9771,9675,9685.5,98546,-1
10/09/2014,9675.5,9747,9636,9734,100032,1
11/09/2014,9724,9737.5,9628,9693.5,111933,-1
12/09/2014,9711.5,9721.5,9617,9644,84511,-1
15/09/2014,9600,9686,9586.5,9664,92793,1
16/09/2014,9660.5,9677,9587,9676.5,131396,1
17/09/2014,9675,9719,9649,9682,116945,1
18/09/2014,9699,9797.5,9682.5,9794.5,111115,1
19/09/2014,9847.5,9896,9781.5,9789,119081,-1
22/09/2014,9762.5,9817,9723.5,9735.5,82193,-1
23/09/2014,9744.5,9750,9572.5,9581.5,127060,-1
24/09/2014,9590.5,9687.5,9536.5,9687.5,108578,1
25/09/2014,9678,9725,9470.5,9486,141088,-1
26/09/2014,9502,9551.5,9456,9541,114581,1
29/09/2014,9514.5,9515,9371,9430,118175,-1
30/09/2014,9435,9499.5,9405.5,9451.5,123914,1
01/10/2014,9435,9523.5,9329.5,9355,130582,-1
02/10/2014,9367,9416,9166,9227,174418,-1
06/10/2014,9337,9352.5,9146.5,9188.5,118367,-1
07/10/2014,9170,9182,9010,9011.5,144452,-1
08/10/2014,9018.5,9127,8960,9116,158526,1
09/10/2014,9105,9143.5,8890.5,8927,202624,-1
10/10/2014,8922,8961.5,8765.5,8769.5,207084,-1
14/10/2014,8769.5,8860,8700.5,8814,165748,1
15/10/2014,8828,8856.5,8477,8616,236743,-1
16/10/2014,8626,8665,8350,8561.5,254047,-1
17/10/2014,8580.5,8857.5,8563,8810,178681,1
20/10/2014,8870,8885,8681,8763.5,131134,-1
21/10/2014,8728,8945,8641.5,8941,141388,1
22/10/2014,8948,8962.5,8840,8865.5,116128,-1
23/10/2014,8876.5,9074,8817,9032,138503,1
24/10/2014,8995.5,9044,8953.5,9019.5,98411,1
27/10/2014,9033,9096,8835,8930.5,140601,-1
28/10/2014,8953,9119,8950,9107.5,106072,1
29/10/2014,9097.5,9160,9029,9084.5,99635,-1
30/10/2014,9104.5,9160,8898,9149,157567,1
31/10/2014,9307,9344,9217,9318.5,139648,1
03/11/2014,9309,9344,9234,9269,106969,-1
04/11/2014,9260,9319.5,9147.5,9208,125534,-1
05/11/2014,9259.5,9331.5,9222.5,9305,111484,1
06/11/2014,9282,9469,9266.5,9405,149908,1
07/11/2014,9439.5,9449,9237.5,9288.5,130690,-1
10/11/2014,9301,9352.5,9221,9350.5,98157,1
11/11/2014,9360,9400,9322,9364,75517,1
12/11/2014,9352,9359,9187,9243.5,125119,-1
13/11/2014,9277,9311,9166.5,9248.5,128947,-1
14/11/2014,9260,9290,9182,9234,100935,-1
17/11/2014,9173,9333,9125,9313,103845,1
18/11/2014,9323.5,9489.5,9313,9487,103097,1
19/11/2014,9465.5,9523.5,9436,9485,104386,1
20/11/2014,9466,9490.5,9377.5,9481.5,100985,1
21/11/2014,9509.5,9737.5,9507,9722,152583,1
24/11/2014,9710,9833.5,9706.5,9812.5,101659,1
25/11/2014,9820,9925,9785,9873,102809,1
26/11/2014,9899,9947.5,9866.5,9944,89368,1
27/11/2014,9951.5,9997.5,9922,9968,59563,1
28/11/2014,9972,10000,9903.5,9946.5,78393,-1
01/12/2014,9927,9984,9897.5,9955,99082,1
02/12/2014,9983,10043,9911.5,9965,116971,-1
03/12/2014,9963,10000,9932.5,9994,73036,1
04/12/2014,10016.5,10127,9836.5,9908.5,150687,-1
05/12/2014,9905,10099.5,9905,10082,107444,1
08/12/2014,10089.5,10093,9952,9981,81879,-1
09/12/2014,9957,9957,9787.5,9879,142633,-1
10/12/2014,9885,9914,9735,9740,128495,-1
11/12/2014,9773,9911,9763.5,9802,130550,1
12/12/2014,9770,9801.5,9544.5,9549,157195,-1
15/12/2014,9570.5,9682,9298,9342.5,197694,-1
16/12/2014,9363.5,9577.5,9216.5,9422.5,304797,1
17/12/2014,9441,9673,9428,9651.5,181999,1
18/12/2014,9674.5,9862,9651.5,9862,146908,1
19/12/2014,9927,9937.5,9704.5,9806.5,133916,-1
22/12/2014,9819,9947,9817,9925,75850,1
23/12/2014,9928.5,9949,9865,9919,62066,-1
29/12/2014,9948.5,9958.5,9791.5,9932.5,75263,-1
30/12/2014,9930.5,9932.5,9774.5,9794.5,49426,-1
02/01/2015,9797.5,9891,9692.5,9761.5,78017,-1
05/01/2015,9726.5,9796,9450.5,9475.5,141152,-1
06/01/2015,9475,9631.5,9383.5,9460,146177,-1
07/01/2015,9510,9611.5,9463,9596.5,114098,1
08/01/2015,9658,9863,9613,9828,129566,1
09/01/2015,9815.5,9868,9602.5,9675.5,139759,-1
12/01/2015,9661.5,9823,9625,9771,129815,1
13/01/2015,9787.5,9986,9756.5,9868.5,136168,1
14/01/2015,9786,9969.5,9766,9873,170228,1
15/01/2015,9954,10070,9582.5,10008,203485,1
16/01/2015,9961,10316,9944,10289.5,163499,1
19/01/2015,10255,10301,10195.5,10251.5,76720,-1
20/01/2015,10315,10315,10215,10279,105609,-1
21/01/2015,10276,10319.5,10153,10307,144795,1
22/01/2015,10320,10548.5,10229,10502,147572,1
23/01/2015,10500,10711.5,10486.5,10620,151697,1
26/01/2015,10576,10857.5,10572.5,10827.5,128007,1
27/01/2015,10825.5,10828,10596,10655,133674,-1
28/01/2015,10722,10756.5,10553,10590.5,130721,-1
29/01/2015,10605,10832,10599,10806.5,117834,1
30/01/2015,10799,10821.5,10643.5,10650,118038,-1
02/02/2015,10699,10884,10681,10876.5,115625,1
03/02/2015,10854.5,10989.5,10846.5,10925,119006,1
04/02/2015,10933,10942,10805,10834,106784,-1
05/02/2015,10798,10932.5,10793,10891,99441,1
06/02/2015,10885,10891,10757,10785,92704,-1
09/02/2015,10750,10779.5,10600.5,10656,115900,-1
10/02/2015,10679.5,10816,10592.5,10796.5,119334,1
11/02/2015,10771,10800,10698,10768.5,78849,-1
12/02/2015,10787.5,10978.5,10732,10976.5,111304,1
13/02/2015,10980,11016.5,10942.5,10975.5,80477,-1
16/02/2015,10961.5,10968,10843.5,10846,51463,-1
17/02/2015,10839.5,10949,10765.5,10909,99708,1
18/02/2015,10905.5,10984,10898,10956,70249,1
19/02/2015,10952.5,11025,10872.5,10985,108658,1
20/02/2015,10976,11164.5,10948,11117,129930,1
23/02/2015,11134.5,11161.5,11070,11120.5,76731,-1
24/02/2015,11134.5,11234.5,11090,11218,85377,1
25/02/2015,11223,11233,11177,11197.5,59881,-1
26/02/2015,11229.5,11335.5,11189,11319,85030,1
27/02/2015,11318.5,11402.5,11303.5,11380,88833,1
02/03/2015,11403.5,11457,11365,11435,82041,1
03/03/2015,11417,11475.5,11258.5,11313.5,100323,-1
04/03/2015,11317.5,11422,11194,11404,122695,1
05/03/2015,11426,11535,11408.5,11504,103624,1
06/03/2015,11521.5,11603.5,11495.5,11512.5,91606,-1
09/03/2015,11519,11609.5,11463,11582.5,79875,1
10/03/2015,11575,11578,11403,11513.5,118371,-1
11/03/2015,11536.5,11854.5,11531,11824,135857,1
12/03/2015,11843,11852,11756.5,11832.5,130851,-1
13/03/2015,11850,11978,11742.5,11942.5,129125,1
16/03/2015,11947.5,12223.5,11933,12166,163849,1
17/03/2015,12152.5,12198,11928.5,12007.5,195031,-1
18/03/2015,12023,12031.5,11814.5,11875.5,196344,-1
19/03/2015,11900,12004,11785.5,11898.5,138000,-1
20/03/2015,11965,12116,11953,12048.5,119115,1
23/03/2015,12068.5,12069,11850.5,11892,108534,-1
24/03/2015,11905,12061,11822.5,12002,115045,1
25/03/2015,11990,12050,11867.5,11890,106660,-1
26/03/2015,11814,11924.5,11650,11902.5,153489,1
27/03/2015,11919.5,11984,11828,11901.5,102418,-1
30/03/2015,11930,12139.5,11917,12108,88431,1
31/03/2015,12092,12154,11945.5,11959.5,112933,-1
01/04/2015,11902,12147.5,11870,12071,119442,1
02/04/2015,12056,12058,11959,12011,69500,-1
07/04/2015,12081,12177.5,12061.5,12103.5,86975,1
08/04/2015,12105,12158,12044.5,12088.5,82429,-1
09/04/2015,12106.5,12253.5,12074,12233,82641,1
10/04/2015,12236.5,12429.5,12233,12422,90908,1
13/04/2015,12408.5,12426.5,12306,12325,81138,-1
14/04/2015,12350,12376.5,12213.5,12294.5,104593,-1
15/04/2015,12294,12361,12229.5,12250,75966,-1
16/04/2015,12271.5,12282,11997.5,12028,115420,-1
17/04/2015,12025.5,12052.5,11665,11691.5,152976,-1
20/04/2015,11740.5,11938.5,11717.5,11899,94944,1
21/04/2015,11945,12113.5,11940.5,11996,120011,1
22/04/2015,12013,12075.5,11816,11947,124428,-1
23/04/2015,11947,11979,11703,11813,128348,-1
24/04/2015,11790,11916,11737,11843.5,106751,1
27/04/2015,11863,12085,11758.5,12035,123560,1
28/04/2015,12037.5,12085,11773,11866,115038,-1
29/04/2015,11836.5,11912.5,11384,11516.5,177688,-1
30/04/2015,11476,11592,11353,11420,157768,-1
04/05/2015,11535.5,11680.5,11424.5,11630,87632,1
05/05/2015,11606.5,11771.5,11312,11345,150944,-1
06/05/2015,11390,11475.5,11252,11354,128731,-1
07/05/2015,11367,11453,11178,11405,121817,1
08/05/2015,11445,11745,11424.5,11725,108250,1
11/05/2015,11727,11731.5,11612,11633,78086,-1
12/05/2015,11645.5,11659.5,11387.5,11499,125533,-1
13/05/2015,11530.5,11608,11304,11341.5,116914,-1
14/05/2015,11333.5,11593.5,11225,11577.5,97178,1
15/05/2015,11570,11649,11388,11477.5,102829,-1
18/05/2015,11480.5,11645.5,11385.5,11635,100265,1
19/05/2015,11669,11888,11655,11820,117057,1
20/05/2015,11846.5,11893,11788.5,11863,72356,1
21/05/2015,11851.5,11902.5,11766,11881,70200,1
22/05/2015,11887,11888,11796.5,11835,63133,-1
26/05/2015,11798,11938,11592,11655,110767,-1
27/05/2015,11657.5,11803.5,11602.5,11781,102323,1
28/05/2015,11745.5,11779,11608,11700,77166,-1
29/05/2015,11697.5,11722,11401.5,11434.5,118702,-1
01/06/2015,11499,11513.5,11346,11473.5,96792,-1
02/06/2015,11468,11487.5,11268,11328,110106,-1
03/06/2015,11344,11518.5,11298,11401.5,105609,1
04/06/2015,11369,11453.5,11186,11273,124407,-1
05/06/2015,11255,11291,11139.5,11190,103234,-1
08/06/2015,11201.5,11224,10991.5,11022.5,108484,-1
09/06/2015,11020,11072,10861,10964,123950,-1
10/06/2015,10976.5,11306.5,10936.5,11262.5,118471,1
11/06/2015,11260.5,11454,11238,11316,105349,1
12/06/2015,11310.5,11367.5,11066,11205,120028,-1
15/06/2015,11100,11117,10953.5,11020,96783,-1
16/06/2015,10998,11076.5,10798,11068.5,107775,1
17/06/2015,11088,11119.5,10872,10917,93813,-1
18/06/2015,10875,11290,10805,11139,112127,1
19/06/2015,11093,11255.5,11000,11043,105651,-1
22/06/2015,11224,11489.5,11214.5,11451.5,146497,1
23/06/2015,11525,11643,11522,11578,111134,1
24/06/2015,11590.5,11595,11367,11414.5,115855,-1
25/06/2015,11437.5,11610,11350.5,11443,114566,1
26/06/2015,11400,11566,11372,11540,92105,1
29/06/2015,10955,11293,10841,10979,156671,1
30/06/2015,11015.5,11140,10897.5,11006,166334,-1
01/07/2015,11079,11287.5,10978.5,11175,132544,1
02/07/2015,11176.5,11231,11071,11119.5,68634,-1
03/07/2015,11133,11134.5,11006.5,11112.5,61521,-1
06/07/2015,10757,10997,10727.5,10869,116578,1
07/07/2015,10905.5,10949.5,10659.5,10893,137685,-1
08/07/2015,10761,10806,10650,10710,110210,-1
09/07/2015,10806,11035.5,10780.5,10958,108100,1
10/07/2015,11206,11403,11147.5,11399.5,112110,1
13/07/2015,11326,11517,11254,11486.5,98673,1
14/07/2015,11514,11548.5,11415.5,11531,65727,1
15/07/2015,11535,11571.5,11478,11535,62784,-1
16/07/2015,11623,11791.5,11603.5,11735,86846,1
17/07/2015,11737.5,11767,11650.5,11682,68088,-1
20/07/2015,11758,11807,11717,11750,53974,-1
21/07/2015,11783,11783,11570,11603,70778,-1
22/07/2015,11567,11595.5,11480,11551,76659,-1
23/07/2015,11589,11630,11436.5,11451,81681,-1
24/07/2015,11482,11549.5,11282,11299,93132,-1
27/07/2015,11315,11320,11029.5,11051,131217,-1
28/07/2015,11100,11248.5,11066,11216,115125,1
29/07/2015,11194,11280,11119.5,11257.5,102536,1
30/07/2015,11243.5,11314,11137.5,11270,103193,1
31/07/2015,11282,11329,11169.5,11318.5,88262,1
03/08/2015,11290,11464.5,11246.5,11424,104544,1
04/08/2015,11426,11480.5,11381.5,11472,73054,1
05/08/2015,11480,11659,11476.5,11600,89731,1
06/08/2015,11607.5,11673,11532.5,11566.5,72157,-1
07/08/2015,11587.5,11588,11482.5,11512,73560,-1
10/08/2015,11544,11621.5,11430,11619.5,75274,1
11/08/2015,11563,11573.5,11262.5,11302.5,127489,-1
12/08/2015,11200,11202,10892.5,11055,154261,-1
13/08/2015,11080,11156.5,10977.5,11008,109698,-1
14/08/2015,10983,11094,10909,11050.5,82394,1
17/08/2015,11031,11114,10811.5,10979,103342,-1
18/08/2015,10973.5,10984,10880,10906,70857,-1
19/08/2015,10847,10856,10670,10674.5,100623,-1
20/08/2015,10658,10658,10300,10300,143282,-1
21/08/2015,10153,10437,9980,10035,190954,-1
24/08/2015,9806.5,9936.5,9317.5,9643.5,235927,-1
25/08/2015,9701.5,10187.5,9701.5,9825.5,185012,1
26/08/2015,9993,10204,9849,10204,145460,1
27/08/2015,10217.5,10383,10165.5,10354.5,119643,1
28/08/2015,10313,10353,10183,10281.5,80731,-1
31/08/2015,10191.5,10309,10129.5,10224.5,74215,1
01/09/2015,10014,10118,9885,9916.5,126354,-1
02/09/2015,10027.5,10138,9960,10138,98207,1
03/09/2015,10125.5,10380.5,10111,10240.5,112764,1
04/09/2015,10143,10217,9955,10020,106604,-1
07/09/2015,10100,10183,10052.5,10120,45187,1
08/09/2015,10145.5,10372.5,10092.5,10335,95252,1
09/09/2015,10447.5,10524,10155.5,10167,109396,-1
10/09/2015,10235.5,10327,10153,10249.5,104847,1
11/09/2015,10250,10250.5,10076.5,10194,79158,-1
14/09/2015,10179,10227,10081.5,10158,81764,-1
15/09/2015,10178.5,10262,10067.5,10259,85802,1
16/09/2015,10229.5,10339,10171.5,10264.5,73848,1
17/09/2015,10281,10328.5,10128,10188.5,66164,-1
18/09/2015,10200.5,10219,9857,9928,145362,-1
21/09/2015,9885,10000.5,9782,9974.5,104003,1
22/09/2015,9991,10019,9557.5,9628.5,147671,-1
23/09/2015,9510,9712,9483,9608,110266,1
24/09/2015,9591.5,9708,9361,9532.5,147170,-1
25/09/2015,9598,9746.5,9561.5,9629,124389,1
28/09/2015,9577,9678.5,9434,9452,120392,-1
29/09/2015,9420,9539,9301,9475.5,144343,1
30/09/2015,9589.5,9734.5,9581,9666,124707,1
01/10/2015,9748.5,9787.5,9449,9567,130718,-1
02/10/2015,9580,9681,9390,9679,134906,1
05/10/2015,9739,9892.5,9647.5,9892.5,113504,1
06/10/2015,9827.5,9956,9728,9870.5,116788,1
07/10/2015,9898.5,10093.5,9889,10033,128511,1
08/10/2015,9939,10105,9907.5,10104,91698,1
09/10/2015,10119,10147,10044.5,10110.5,85867,-1
12/10/2015,10120.5,10188,10053,10106.5,66308,-1
13/10/2015,10104.5,10116.5,9935.5,9992.5,106603,-1
14/10/2015,9970,10039,9885.5,9918.5,104732,-1
15/10/2015,9980,10148.5,9956,10143,98872,1
16/10/2015,10139,10166,10052.5,10116.5,88746,-1
19/10/2015,10124,10208,10066,10172.5,78670,1
20/10/2015,10157.5,10193,10076,10140.5,75679,-1
21/10/2015,10191,10276.5,10102.5,10181,94028,-1
22/10/2015,10206,10587,10188.5,10574,129706,1
23/10/2015,10640,10860,10583.5,10850,119833,1
26/10/2015,10810,10867.5,10757.5,10795,86004,-1
27/10/2015,10786,10809.5,10685.5,10733,81324,-1
28/10/2015,10719.5,10927,10691,10910,89919,1
29/10/2015,10877,10893.5,10741,10808.5,85530,-1
30/10/2015,10845.5,10880,10746.5,10823,72181,-1
02/11/2015,10761,10995,10727.5,10979,80018,1
03/11/2015,10964.5,10999,10882.5,10949,76585,-1
04/11/2015,10972,11009,10812,10854.5,93061,-1
05/11/2015,10868.5,10966,10781.5,10886.5,90245,1
06/11/2015,10902,11059,10841.5,11030,92133,1
09/11/2015,10995,11013.5,10786,10835,84334,-1
10/11/2015,10854,10872.5,10727,10853.5,89658,-1
11/11/2015,10864,10996.5,10836,10864.5,84831,1
12/11/2015,10890,10960.5,10711,10711,108866,-1
13/11/2015,10719,10817,10605.5,10677.5,111515,-1
16/11/2015,10500,10820.5,10482,10820.5,101360,1
17/11/2015,10829,10978.5,10782,10895,104308,1
18/11/2015,10898.5,11048.5,10876,11028.5,89121,1
19/11/2015,11050,11153.5,11034.5,11050.5,91242,1
20/11/2015,11064,11166,11049,11101.5,79155,1
23/11/2015,11135,11143,11027,11062,67284,-1
24/11/2015,11071,11083,10867,10968,115206,-1
25/11/2015,10977.5,11189,10920,11158.5,84866,1
26/11/2015,11175.5,11369,11163,11305.5,59363,1
27/11/2015,11251.5,11356,11243,11304.5,61364,1
30/11/2015,11283,11433.5,11252.5,11353.5,78843,1
01/12/2015,11415,11419,11234,11295,94360,-1
02/12/2015,11314.5,11334,11078.5,11116.5,94318,-1
03/12/2015,11150,11323.5,10641,10684,192616,-1
04/12/2015,10684,10879.5,10630.5,10867.5,116022,1
07/12/2015,10877,10994.5,10805,10930,92326,1
08/12/2015,10885,10900,10612.5,10676.5,104499,-1
09/12/2015,10689,10719.5,10447.5,10502.5,117317,-1
10/12/2015,10510,10664,10497.5,10575,80313,1
11/12/2015,10598,10606,10268.5,10281,124629,-1
14/12/2015,10350,10446.5,10119.5,10287.5,130768,-1
15/12/2015,10262,10489,10224,10448,95213,1
16/12/2015,10481,10650,10421,10634,86332,1
17/12/2015,10627,10833,10526,10691.5,96801,1
18/12/2015,10672,10737.5,10514.5,10553.5,92018,-1
21/12/2015,10551,10803.5,10475.5,10555.5,87778,1
22/12/2015,10595,10639.5,10401.5,10568.5,84686,-1
23/12/2015,10567.5,10767,10565,10758,68684,1
28/12/2015,10727.5,10774.5,10628.5,10702,43008,-1
29/12/2015,10732,10884,10731,10868,49508,1
30/12/2015,10884,10886,10693.5,10729,39642,-1
04/01/2016,10519.5,10523.5,10250,10362.5,122056,-1
05/01/2016,10389,10403.5,10172,10342.5,96924,-1
06/01/2016,10240,10287.5,10093.5,10177.5,106085,-1
07/01/2016,9986.5,10041,9810.5,9830,145484,-1
08/01/2016,9973.5,10125.5,9723,9748.5,127371,-1
11/01/2016,9696.5,9980.5,9657,9908.5,124235,1
12/01/2016,9811.5,10094.5,9776,10042,111167,1
13/01/2016,10107,10165.5,9734.5,9778,127669,-1
14/01/2016,9840,9943.5,9612,9905,159880,1
15/01/2016,9786,9834,9410,9480.5,160705,-1
18/01/2016,9566,9660.5,9454,9532,90496,-1
19/01/2016,9682.5,9760,9525.5,9610,112059,-1
20/01/2016,9390.5,9518,9251.5,9468,157827,1
21/01/2016,9401,9667.5,9333,9574.5,146550,1
22/01/2016,9720,9841.5,9704.5,9817.5,111733,1
25/01/2016,9840,9848,9670,9671,88907,-1
26/01/2016,9591.5,9870.5,9563,9864.5,97545,1
27/01/2016,9817.5,9923.5,9711,9758.5,101134,-1
28/01/2016,9789,9902.5,9586,9663.5,130066,-1
29/01/2016,9796,9836,9646,9835,99317,1
01/02/2016,9842,9846,9630.5,9779.5,94510,-1
02/02/2016,9735,9735,9478.5,9490.5,115253,-1
03/02/2016,9475,9574,9345,9530,147812,1
04/02/2016,9602,9620,9260.5,9374,139347,-1
05/02/2016,9360,9467.5,9221,9245.5,124252,-1
08/02/2016,9314,9334.5,8915.5,8995.5,158375,-1
09/02/2016,8925.5,9037.5,8767.5,8893,172212,-1
10/02/2016,8910.5,9125,8868,8933.5,129223,1
11/02/2016,8885,8914.5,8690.5,8842,154772,-1
12/02/2016,8831,8991,8806.5,8991,100855,1
15/02/2016,9108,9245,9105.5,9196.5,76327,1
16/02/2016,9262,9268,9072,9198,99623,-1
17/02/2016,9161,9418,9130,9403,94310,1
18/02/2016,9391,9548.5,9342.5,9443,101225,1
19/02/2016,9458,9474,9316,9379.5,95329,-1
22/02/2016,9435,9586,9434,9560.5,75412,1
23/02/2016,9495,9534,9394,9400,91194,-1
24/02/2016,9378,9425,9120.5,9306,130826,-1
25/02/2016,9268,9398,9197,9393,109093,1
26/02/2016,9420,9575.5,9411,9478.5,108907,1
29/02/2016,9434.5,9506.5,9326,9406.5,108197,-1
01/03/2016,9432,9776.5,9425,9773.5,118012,1
02/03/2016,9811,9838.5,9692,9780.5,97733,-1
03/03/2016,9806,9818,9706,9785,78199,-1
04/03/2016,9780,9900,9738,9802,101077,1
07/03/2016,9786.5,9809.5,9686,9783,84058,-1
08/03/2016,9713,9788,9613,9683,103139,-1
09/03/2016,9713,9840,9678,9713,98081,-1
10/03/2016,9730,9996.5,9394.5,9513,202529,-1
11/03/2016,9629.5,9895,9623.5,9895,124295,1
14/03/2016,9878,10040,9868.5,9999,95717,1
15/03/2016,9954,9976,9889,9958,79257,1
16/03/2016,9961,10023.5,9916,10001,99784,1
17/03/2016,10039.5,10069.5,9747.5,9877,121446,-1
18/03/2016,9905,9996,9855,9981.5,91723,1
21/03/2016,9952,10133,9893,9991,92777,1
22/03/2016,9988,10037.5,9791,10031,115319,1
23/03/2016,10016,10153,10000.5,10030,97235,1
24/03/2016,9999,10023.5,9876.5,9934,88249,-1
29/03/2016,9945,9994,9845.5,9975,89436,1
30/03/2016,9988,10139,9964,10072,86380,1
31/03/2016,10058,10070.5,9963,9972.5,88819,-1
01/04/2016,9915,9919,9712.5,9855,141443,-1
04/04/2016,9860.5,9946,9767,9800.5,114563,-1
05/04/2016,9760,9760,9556,9563,117263,-1
06/04/2016,9617,9700.5,9537.5,9700.5,112234,1
07/04/2016,9679,9736,9472.5,9512,115146,-1
08/04/2016,9579.5,9707.5,9570,9645.5,95283,1
11/04/2016,9649.5,9784.5,9551.5,9681.5,113936,1
12/04/2016,9706,9829.5,9645,9823.5,114235,1
13/04/2016,9883,10073,9883,10062.5,112355,1
14/04/2016,10075.5,10137,10045.5,10122.5,95852,1
15/04/2016,10104,10125,10043,10076.5,81641,-1
18/04/2016,9972.5,10183.5,9938,10177,102692,1
19/04/2016,10215,10408,10181.5,10402.5,119481,1
20/04/2016,10342,10495,10313.5,10466,102045,1
21/04/2016,10495.5,10522,10371,10430.5,104144,-1
22/04/2016,10428,10462,10357,10439,88564,1
25/04/2016,10398,10438,10261.5,10355.5,110644,-1
26/04/2016,10353,10421.5,10243,10325,105421,-1
27/04/2016,10283,10378.5,10252,10362.5,95997,1
28/04/2016,10281.5,10364,10152.5,10247.5,118411,-1
29/04/2016,10229,10282.5,10054.5,10100.5,128503,-1
02/05/2016,10080.5,10169,10076,10151,89260,1
03/05/2016,10135,10144,9930,9955,116228,-1
04/05/2016,9955,9974.5,9817,9841,102533,-1
05/05/2016,9890,9929,9805.5,9840.5,80941,-1
06/05/2016,9814,9931.5,9736,9927,104899,1
09/05/2016,9960,10076,9879,9985,110681,1
10/05/2016,10034,10114.5,9993.5,10094.5,95767,1
11/05/2016,10060.5,10068,9928,9937,91811,-1
12/05/2016,9967.5,10087.5,9838.5,9891,122946,-1
13/05/2016,9818,9979.5,9761,9878.5,108095,1
17/05/2016,9996.5,10079.5,9812,9825,113858,-1
18/05/2016,9835.5,9960,9791,9925,102204,1
19/05/2016,9879,9907,9766,9835,118699,-1
20/05/2016,9896.5,9921.5,9846,9909.5,86235,1
23/05/2016,9929,9972,9806,9839,100805,-1
24/05/2016,9811,10123,9767,10103.5,121274,1
25/05/2016,10140,10234,10128.5,10200,87761,1
26/05/2016,10175.5,10287.5,10173,10264.5,76162,1
27/05/2016,10280,10307.5,10241.5,10300,58001,1
30/05/2016,10325,10349.5,10285,10342.5,33251,1
31/05/2016,10362,10374.5,10229,10266,76473,-1
01/06/2016,10252.5,10288,10160.5,10213.5,93252,-1
02/06/2016,10178.5,10258,10152.5,10255,78869,1
03/06/2016,10250.5,10285.5,10037,10108.5,110586,-1
06/06/2016,10127.5,10153,10092,10133.5,79294,1
07/06/2016,10161,10319,10156,10252,86707,1
08/06/2016,10253,10271,10175.5,10230,74809,-1
09/06/2016,10205,10212,10043,10095.5,95855,-1
10/06/2016,10065,10081.5,9773,9795,125638,-1
13/06/2016,9709.5,9757.5,9597.5,9614,124474,-1
14/06/2016,9615,9632.5,9504,9579.5,129920,-1
15/06/2016,9565.5,9667,9559.5,9583,101733,1
16/06/2016,9491,9664.5,9429.5,9660,107082,1
17/06/2016,9659.5,9712.5,9565,9694,110946,1
20/06/2016,9865,9985,9838,9910.5,101112,1
21/06/2016,9968,10111.5,9917.5,10055.5,94426,1
22/06/2016,10097.5,10141.5,10032.5,10035,93321,-1
23/06/2016,10130,10340,10090,10314,106399,1
24/06/2016,9350,9708.5,9152.5,9476,195707,1
27/06/2016,9402.5,9580.5,9201.5,9330,147192,-1
28/06/2016,9418.5,9544.5,9397,9502,107376,1
29/06/2016,9538,9631.5,9493,9617,93721,1
30/06/2016,9616.5,9784.5,9501,9733.5,109187,1
01/07/2016,9718.5,9795,9645.5,9732,87246,1
04/07/2016,9760,9801,9687,9716,41133,-1
05/07/2016,9692.5,9692.5,9453.5,9483,91710,-1
06/07/2016,9438,9522,9290,9414,120151,-1
07/07/2016,9425,9497,9351.5,9393.5,84071,-1
08/07/2016,9382.5,9644.5,9356.5,9622,86846,1
11/07/2016,9712,9834,9675.5,9770,92872,1
12/07/2016,9798.5,10005,9786,9942.5,84937,1
13/07/2016,9929.5,9992.5,9887.5,9915,64176,-1
14/07/2016,9940,10101.5,9939,10045,88964,1
15/07/2016,10025,10092,9964,10062,69487,1
18/07/2016,10085,10154.5,10000.5,10044,72122,-1
19/07/2016,10020,10043.5,9910.5,9977,78663,-1
20/07/2016,9992,10139,9978.5,10119,72632,1
21/07/2016,10130,10189,10078.5,10116,80675,-1
22/07/2016,10107,10174,10059.5,10157.5,70483,1
25/07/2016,10117.5,10257,10107,10182,74751,1
26/07/2016,10210.5,10271,10138.5,10253,73733,1
27/07/2016,10282,10346,10274.5,10282.5,72405,1
28/07/2016,10305.5,10381,10259,10347,82821,1
29/07/2016,10340,10354,10279,10330.5,70373,-1
01/08/2016,10434,10472,10271,10287,77316,-1
02/08/2016,10300,10336,10111,10143.5,88857,-1
03/08/2016,10129,10216.5,10088,10206,79617,1
04/08/2016,10233.5,10279.5,10175.5,10234,81554,1
05/08/2016,10250,10374.5,10209,10374.5,72980,1
08/08/2016,10427.5,10479,10396.5,10425,60278,-1
09/08/2016,10406,10700.5,10406,10673,91943,1
10/08/2016,10696.5,10714,10630.5,10648,69005,-1
11/08/2016,10676,10744,10629,10725.5,84117,1
12/08/2016,10723,10734.5,10680,10699.5,58096,-1
15/08/2016,10721,10804,10710.5,10726,52133,1
16/08/2016,10710,10738.5,10630.5,10658.5,77015,-1
17/08/2016,10660,10703,10512,10614,88428,-1
18/08/2016,10614,10626.5,10546.5,10590,56420,-1
19/08/2016,10631,10632.5,10487.5,10569,80419,-1
22/08/2016,10528,10657,10386,10510,92477,-1
23/08/2016,10519.5,10625,10509.5,10583,67283,1
24/08/2016,10555,10653.5,10513.5,10587,76563,1
25/08/2016,10619,10619,10466,10510,82317,-1
26/08/2016,10507,10616,10452.5,10520,88075,1
29/08/2016,10519,10572.5,10436,10572.5,64123,1
30/08/2016,10569.5,10690,10568.5,10656.5,74863,1
31/08/2016,10645,10665.5,10551,10586.5,79283,-1
01/09/2016,10612.5,10678,10488.5,10562.5,98070,-1
02/09/2016,10561.5,10727,10512.5,10716,97265,1
05/09/2016,10750,10754.5,10670,10684.5,48671,-1
06/09/2016,10692,10741.5,10653.5,10707,77277,1
07/09/2016,10717.5,10777.5,10657,10742.5,83441,1
08/09/2016,10751,10780.5,10566,10661,107951,-1
09/09/2016,10664.5,10671.5,10466,10466,104636,-1
12/09/2016,10390,10547,10320,10547,137463,1
13/09/2016,10525,10526,10351,10417,114476,-1
14/09/2016,10435,10453,10347.5,10364.5,92057,-1
15/09/2016,10345,10476,10335,10447,93384,1
16/09/2016,10402,10419,10236,10283,120872,-1
19/09/2016,10336,10377,10314,10338.5,72114,1
20/09/2016,10341,10459,10341,10386.5,81718,1
21/09/2016,10436.5,10527.5,10394,10503,100310,1
22/09/2016,10500,10698,10482,10673,115123,1
23/09/2016,10672,10672,10595,10604,72403,-1
26/09/2016,10550,10570,10369,10379,98958,-1
27/09/2016,10439.5,10456,10252.5,10391.5,107123,-1
28/09/2016,10367,10514,10361.5,10500,108676,1
29/09/2016,10529,10568,10246.5,10288,124388,-1
30/09/2016,10240,10543.5,10173.5,10527,134391,1
04/10/2016,10500,10637.5,10478,10547,122680,1
05/10/2016,10590,10614.5,10471.5,10590.5,79010,1
06/10/2016,10590,10637,10524.5,10595.5,86138,1
07/10/2016,10560.5,10573,10442,10469,126489,-1
10/10/2016,10496,10646,10442.5,10606.5,91313,1
11/10/2016,10587,10684.5,10536.5,10561,97887,-1
12/10/2016,10575,10595,10492.5,10535,89847,-1
13/10/2016,10453,10466,10337,10447,116377,-1
14/10/2016,10460,10610,10432.5,10580,99774,1
17/10/2016,10521.5,10576.5,10479,10503,85115,-1
18/10/2016,10550.5,10652,10531.5,10621,78619,1
19/10/2016,10615.5,10668.5,10581,10647,64364,1
20/10/2016,10676.5,10744.5,10585,10709,86660,1
21/10/2016,10695,10732.5,10664.5,10717.5,62466,1
24/10/2016,10699,10818,10698.5,10760,65137,1
25/10/2016,10789,10826,10735.5,10768,69919,-1
26/10/2016,10770,10770,10625,10694,93101,-1
27/10/2016,10642,10771,10641,10696,100655,1
28/10/2016,10680,10712.5,10571.5,10654,117449,-1
31/10/2016,10680,10689,10627.5,10681,74241,1
01/11/2016,10720,10739,10451,10490,121059,-1
02/11/2016,10439,10465.5,10323,10373,111289,-1
03/11/2016,10379.5,10404,10290.5,10294,95915,-1
04/11/2016,10315,10320,10196.5,10217.5,107110,-1
07/11/2016,10439,10469.5,10375.5,10469.5,93514,1
08/11/2016,10440,10550,10407.5,10541.5,81347,1
09/11/2016,10025,10678.5,10013,10659.5,198190,1
10/11/2016,10686,10794.5,10570,10669,162842,-1
11/11/2016,10672,10709.5,10581.5,10690.5,109679,1
14/11/2016,10765,10798,10664.5,10699.5,111561,-1
15/11/2016,10704,10757,10660.5,10757,81120,1
16/11/2016,10778,10782,10606,10658.5,97455,-1
17/11/2016,10677,10733,10597.5,10733,81861,1
18/11/2016,10732,10747.5,10644.5,10663.5,87418,-1
21/11/2016,10688,10727,10587.5,10708,83765,1
22/11/2016,10768.5,10781.5,10698,10743.5,76018,-1
23/11/2016,10743.5,10745.5,10599.5,10680,98976,-1
24/11/2016,10677,10717,10648.5,10696,47938,1
25/11/2016,10705,10714.5,10646,10697,48782,-1
28/11/2016,10679,10689.5,10550.5,10551,103725,-1
29/11/2016,10568,10645,10536,10625,88183,1
30/11/2016,10625,10693,10602,10610,87088,-1
01/12/2016,10610,10626,10477.5,10482,125861,-1
02/12/2016,10471,10545,10400,10528.5,105241,1
05/12/2016,10444,10741.5,10420,10711.5,135120,1
06/12/2016,10706,10840,10664,10831,100259,1
07/12/2016,10864,11086,10844.5,11048,107452,1
08/12/2016,11026,11206,10980,11173,120865,1
09/12/2016,11179,11238.5,11143.5,11230,79864,1
12/12/2016,11248.5,11248.5,11141,11171.5,79921,-1
13/12/2016,11177,11308.5,11174,11278.5,82326,1
14/12/2016,11275,11322,11221,11242,79357,-1
15/12/2016,11269.5,11399,11257,11375,93312,1
16/12/2016,11366.5,11451.5,11351,11398,93036,1
19/12/2016,11419,11431.5,11377,11400,51808,-1
20/12/2016,11415.5,11476.5,11408.5,11455.5,53748,1
21/12/2016,11447,11483,11444,11463,44181,1
22/12/2016,11448,11478.5,11428,11453.5,43517,1
23/12/2016,11462,11487,11406,11456,34618,-1
27/12/2016,11426,11483.5,11425.5,11461,23628,1
28/12/2016,11473,11481,11433,11446,31721,-1
29/12/2016,11451.5,11465,11412.5,11441,39440,-1
30/12/2016,11456,11486,11403,11445,45552,-1
02/01/2017,11425,11622.5,11402.5,11589.5,31393,1
03/01/2017,11610,11649.5,11551,11592,79658,-1
04/01/2017,11597,11617.5,11528.5,11588.5,63909,-1
05/01/2017,11548,11602,11529.5,11572.5,66587,1
06/01/2017,11564.5,11618,11541.5,11603.5,57169,1
09/01/2017,11630,11631.5,11519,11550.5,64380,-1
10/01/2017,11544,11603,11541,11575.5,60023,1
11/01/2017,11575,11692.5,11520,11658.5,106082,1
12/01/2017,11618,11625.5,11488,11555.5,84876,-1
13/01/2017,11574,11635,11553,11613.5,61980,1
16/01/2017,11564,11578,11527.5,11559,40950,-1
17/01/2017,11539,11587,11423,11547.5,104648,1
18/01/2017,11586.5,11625.5,11529,11625.5,61722,1
19/01/2017,11630,11644.5,11558.5,11575.5,68798,-1
20/01/2017,11592.5,11634,11545,11615.5,74237,1
23/01/2017,11564,11607,11506.5,11565,89515,1
24/01/2017,11573.5,11645,11539,11631,60075,1
25/01/2017,11645,11831.5,11638,11823,86138,1
26/01/2017,11845,11895,11821,11833.5,67666,-1
27/01/2017,11840,11854.5,11800.5,11809,54080,-1
30/01/2017,11778,11796.5,11662.5,11709.5,76969,-1
31/01/2017,11677,11735,11535,11592.5,100311,-1
01/02/2017,11640,11725,11611.5,11665,82138,1
02/02/2017,11617,11673,11594,11647,74090,1
03/02/2017,11620.5,11701,11620.5,11657.5,68322,1
06/02/2017,11647,11678.5,11476,11506,109271,-1
07/02/2017,11476.5,11604,11460,11560,79882,1
08/02/2017,11569,11588,11475,11555.5,87111,-1
09/02/2017,11570,11658,11541.5,11640.5,85106,1
10/02/2017,11675,11717.5,11639.5,11660.5,71011,-1
13/02/2017,11665.5,11809,11664,11772.5,69240,1
14/02/2017,11768,11801,11747.5,11793.5,61378,1
15/02/2017,11810,11846,11718,11799,70650,-1
16/02/2017,11781,11811.5,11723.5,11775.5,63254,-1
17/02/2017,11748.5,11796,11688,11790.5,78335,1
20/02/2017,11820,11858,11801,11819,43832,-1
21/02/2017,11825.5,11996,11795,11987.5,80027,1
22/02/2017,11992.5,12030,11964.5,11994.5,72296,1
23/02/2017,12002.5,12014.5,11924,11959,62310,-1
24/02/2017,11932.5,11935,11719,11828.5,105486,-1
27/02/2017,11835,11864,11790.5,11848.5,61778,1
28/02/2017,11848,11852.5,11776.5,11824,64599,-1
01/03/2017,11864.5,12099.5,11857,12076.5,91272,1
02/03/2017,12072.5,12089,12038,12048,52740,-1
03/03/2017,12008.5,12056,11987.5,12017,70166,1
06/03/2017,11993.5,12001,11917,11980,65205,-1
07/03/2017,11989,11989,11931,11953,52459,-1
08/03/2017,11929.5,12019,11912,11938.5,82285,1
09/03/2017,11945,12025,11915.5,11981,77857,1
10/03/2017,12008.5,12068,11931,11950,81693,-1
13/03/2017,11955,12017,11944.5,12004.5,49425,1
14/03/2017,12011.5,12011.5,11927.5,11990,72476,-1
15/03/2017,12000,12064,11976.5,12057,63829,1
16/03/2017,12100,12178.5,12043,12075,74866,-1
17/03/2017,12083,12149.5,12048.5,12115.5,69521,1
20/03/2017,12074.5,12111.5,12058,12073,48725,-1
21/03/2017,12097,12142,11923.5,11932,111073,-1
22/03/2017,11904.5,11977.5,11878.5,11965,87164,1
23/03/2017,11973,12075,11922.5,12046.5,90231,1
24/03/2017,12065.5,12130.5,12036.5,12105.5,71424,1
27/03/2017,12027.5,12062,11942.5,12061,88219,1
28/03/2017,12090,12215,12070.5,12202,80491,1
29/03/2017,12195,12265.5,12191.5,12230.5,66137,1
30/03/2017,12234,12286,12223.5,12282.5,57212,1
31/03/2017,12250,12367,12241.5,12345,67712,1
03/04/2017,12363,12411.5,12234,12308,85659,-1
04/04/2017,12282,12326.5,12253,12324.5,61498,1
05/04/2017,12326.5,12326.5,12193,12193,79845,-1
06/04/2017,12167,12270,12142,12245,87061,1
07/04/2017,12211.5,12279.5,12168,12257.5,74091,1
10/04/2017,12262.5,12297.5,12200.5,12210.5,61628,-1
11/04/2017,12200.5,12248,12070,12208.5,109065,1
12/04/2017,12200,12268,12144,12154,90303,-1
13/04/2017,12171,12179.5,12090.5,12112,77383,-1
18/04/2017,12185,12210,11980.5,12014.5,107347,-1
19/04/2017,12042.5,12064.5,11988,11997.5,66591,-1
20/04/2017,12020,12085.5,11962.5,12059,81733,1
21/04/2017,12071,12114.5,12031,12102,91960,1
24/04/2017,12305,12503,12271.5,12490.5,122430,1
25/04/2017,12450,12518.5,12450,12492.5,72929,1
26/04/2017,12507,12511,12451.5,12454,58883,-1
27/04/2017,12459,12497,12445.5,12460,61802,1
28/04/2017,12454,12479,12426,12460,58916,1
02/05/2017,12471,12541.5,12442.5,12535.5,64201,1
03/05/2017,12517.5,12548.5,12487.5,12548,58586,1
04/05/2017,12559.5,12663,12544,12647.5,79215,1
05/05/2017,12613,12840,12601.5,12834.5,77597,1
08/05/2017,12811.5,12820.5,12666.5,12715,73173,-1
09/05/2017,12715.5,12792.5,12711,12749.5,61546,1
10/05/2017,12740.5,12788.5,12717.5,12776.5,55414,1
11/05/2017,12769,12780.5,12667,12745.5,80715,-1
12/05/2017,12720,12790.5,12714.5,12783.5,61428,1
15/05/2017,12815.5,12843.5,12726,12804.5,66037,-1
16/05/2017,12801,12841,12772,12802,61211,1
17/05/2017,12750,12787.5,12544.5,12559,111208,-1
18/05/2017,12565,12641.5,12491.5,12606,114783,1
19/05/2017,12625,12655.5,12594,12629,73223,1
22/05/2017,12665,12686.5,12564.5,12630,65935,-1
23/05/2017,12592,12702,12582,12667,80593,1
24/05/2017,12643,12661,12611,12636.5,52076,-1
25/05/2017,12665,12709,12537.5,12615.5,81949,-1
26/05/2017,12593.5,12610,12526,12591.5,64862,-1
29/05/2017,12614,12645,12574.5,12623,30197,1
30/05/2017,12610,12647.5,12562.5,12581,72333,-1
31/05/2017,12575.5,12708.5,12575.5,12635,107538,1
01/06/2017,12642.5,12696.5,12616.5,12694.5,70024,1
02/06/2017,12735,12879.5,12727.5,12854,99171,1
05/06/2017,12817,12817,12817,12817,1,-1
06/06/2017,12775,12791.5,12651.5,12670,82682,-1
07/06/2017,12678.5,12745.5,12633.5,12698,78112,1
08/06/2017,12695,12742.5,12671.5,12730,77881,1
09/06/2017,12723,12827,12698.5,12775,81652,1
12/06/2017,12762,12784.5,12662.5,12704,84747,-1
13/06/2017,12714,12810.5,12694,12809,67872,1
14/06/2017,12781,12922.5,12777,12831.5,94840,1
15/06/2017,12809.5,12813,12617,12697,93884,-1
16/06/2017,12718,12757,12700,12750,70965,1
19/06/2017,12770,12911,12770,12905,72106,1
20/06/2017,12926.5,12948.5,12772.5,12804.5,68833,-1
21/06/2017,12788,12801.5,12701.5,12762.5,79074,-1
22/06/2017,12773.5,12800,12708,12764,61695,-1
23/06/2017,12785,12788.5,12665.5,12723,68899,-1
26/06/2017,12751.5,12835,12742,12759.5,60499,1
27/06/2017,12748,12751.5,12578.5,12592,97205,-1
28/06/2017,12575,12683,12526.5,12672,93422,1
29/06/2017,12710.5,12730,12341.5,12397,135000,-1
30/06/2017,12390,12452.5,12303,12370,103332,-1
03/07/2017,12405,12480.5,12377,12440,67585,1
04/07/2017,12431.5,12477,12407,12438,46576,1
05/07/2017,12428,12492,12396.5,12480,80696,1
06/07/2017,12473,12484,12306.5,12337,98060,-1
07/07/2017,12337.5,12417.5,12328,12415,63220,1
10/07/2017,12451,12479,12394.5,12442.5,60614,-1
11/07/2017,12467.5,12533.5,12406,12480,76535,1
12/07/2017,12459.5,12649,12445,12626,80496,1
13/07/2017,12652,12672,12605,12650,57384,-1
14/07/2017,12642.5,12658.5,12567,12646,58275,1
17/07/2017,12646.5,12668,12531,12574.5,65417,-1
18/07/2017,12554,12569,12373.5,12430.5,94873,-1
19/07/2017,12446.5,12481.5,12408,12469,66212,1
20/07/2017,12493,12567,12381,12438,93020,-1
21/07/2017,12437,12457.5,12180.5,12243,115133,-1
24/07/2017,12230,12249,12133,12245,81993,1
25/07/2017,12240.5,12294,12202.5,12255.5,80922,1
26/07/2017,12248.5,12339.5,12234,12255,69115,1
27/07/2017,12275.5,12288.5,12138,12178,90304,-1
28/07/2017,12144,12177,12088,12172,74394,1
31/07/2017,12139,12203.5,12076.5,12088.5,72842,-1
01/08/2017,12128,12296.5,12081,12244,91515,1
02/08/2017,12257.5,12275.5,12143.5,12179,76543,-1
03/08/2017,12166,12178.5,12085,12138,81610,-1
04/08/2017,12136.5,12318.5,12117,12281,78234,1
07/08/2017,12296,12331,12214.5,12241,50576,-1
08/08/2017,12230.5,12325.5,12174,12235,68981,1
09/08/2017,12198,12222,12090.5,12173.5,98938,-1
10/08/2017,12131.5,12157.5,11942,11949.5,104814,-1
11/08/2017,11930,12043,11926,12004,104953,1
14/08/2017,12054,12191,12053,12157.5,72458,1
15/08/2017,12205,12230.5,12148,12192,73448,-1
16/08/2017,12188,12295,12188,12232.5,68932,1
17/08/2017,12225.5,12287,12111,12111,88590,-1
18/08/2017,12135,12196.5,12075,12159,98061,1
21/08/2017,12150,12158,12013,12069,87497,-1
22/08/2017,12118,12249.5,12104.5,12249,73500,1
23/08/2017,12235,12267,12149,12176,70743,-1
24/08/2017,12174.5,12254,12164,12184.5,74453,1
25/08/2017,12201,12249,12126,12169,77885,-1
28/08/2017,12139,12171.5,12058.5,12135,66613,-1
29/08/2017,12045,12074,11863,11982.5,126806,-1
30/08/2017,12010,12037.5,11984,12022.5,80982,1
31/08/2017,12043,12113.5,12028.5,12066.5,82373,1
01/09/2017,12061.5,12189.5,12060,12156.5,79407,1
04/09/2017,12080,12137,12030,12126.5,47211,1
05/09/2017,12110.5,12209,12038.5,12073,108817,-1
06/09/2017,12061,12301,12050,12277.5,110376,1
07/09/2017,12264.5,12365,12259.5,12317,106304,1
08/09/2017,12259.5,12323.5,12242.5,12289.5,74472,1
11/09/2017,12368.5,12509,12368.5,12496.5,80225,1
12/09/2017,12489,12559,12489,12517.5,71063,1
13/09/2017,12509,12567.5,12474,12547.5,60178,1
14/09/2017,12537,12557,12497.5,12545,49410,1
15/09/2017,12527,12552,12494.5,12527,63577,-1
18/09/2017,12567,12604.5,12522.5,12547.5,54118,-1
19/09/2017,12559,12565,12514,12544,54259,-1
20/09/2017,12548.5,12629,12504,12627,61182,1
21/09/2017,12597.5,12614,12568.5,12584.5,53983,-1
22/09/2017,12550.5,12637,12543.5,12605,56657,1
25/09/2017,12552,12624.5,12538.5,12565.5,63222,1
26/09/2017,12550,12621,12540.5,12590.5,56032,1
27/09/2017,12628.5,12693.5,12613,12664.5,67633,1
28/09/2017,12682,12715,12654,12708.5,57410,1
29/09/2017,12715,12840,12710.5,12829.5,65442,1
02/10/2017,12863.5,12907,12838.5,12899.5,65784,1
03/10/2017,12885.5,12885.5,12885.5,12885.5,1,-1
04/10/2017,12954,12974.5,12883.5,12933,72495,-1
05/10/2017,12945,12979,12923.5,12977,51915,1
06/10/2017,12972,12985,12931,12952.5,54223,-1
09/10/2017,12979,12988.5,12926.5,12936,45564,-1
10/10/2017,12957.5,12974.5,12899,12951.5,66930,-1
11/10/2017,12970,12978,12915.5,12969.5,50241,-1
12/10/2017,12962.5,12995.5,12934,12965,53037,1
13/10/2017,12994,13031.5,12955,12990.5,64251,-1
16/10/2017,13017.5,13020,12970.5,12993.5,42176,-1
17/10/2017,12992.5,13026,12958.5,12999.5,57697,1
18/10/2017,13010,13089,12995,13049.5,64458,1
19/10/2017,13039,13043.5,12903,12990.5,102374,-1
20/10/2017,13022,13058.5,12947.5,12981.5,66722,-1
23/10/2017,12991,13066,12965,12976,70029,-1
24/10/2017,12982.5,13051.5,12975,13007.5,65755,1
25/10/2017,12995.5,13042,12906.5,12974,91218,-1
26/10/2017,12977,13163.5,12933.5,13147,105954,1
27/10/2017,13165,13245,13165,13216,81396,1
30/10/2017,13200.5,13249.5,13200,13226.5,48984,1
31/10/2017,13222,13222,13222,13222,1,-1
01/11/2017,13325,13486,13311,13463,89735,1
02/11/2017,13435,13467.5,13400,13467.5,62476,1
03/11/2017,13476,13503,13424.5,13470,62046,-1
06/11/2017,13475,13480.5,13437.5,13469,49696,-1
07/11/2017,13507,13533,13335,13367,90251,-1
08/11/2017,13362.5,13418,13341.5,13389.5,73084,1
09/11/2017,13388.5,13401.5,13102,13186.5,134947,-1
10/11/2017,13192,13215.5,13106.5,13125,87013,-1
13/11/2017,13123,13161,12957.5,13104.5,102256,-1
14/11/2017,13075.5,13136,12996.5,13040.5,89742,-1
15/11/2017,12979,12996,12842.5,12957,115448,-1
16/11/2017,13014,13094,13002.5,13084.5,81005,1
17/11/2017,13055.5,13087,12963.5,12977,80137,-1
20/11/2017,12868,13084,12853,13049,92637,1
21/11/2017,13053,13209,13020.5,13170,87072,1
22/11/2017,13175,13189.5,12961.5,12971.5,91870,-1
23/11/2017,12970,13049,12900.5,13003,73710,1
24/11/2017,12998.5,13160,12975,13065,90129,1
27/11/2017,13033,13116,12983,13008.5,95018,-1
28/11/2017,12998,13129,12960.5,13121.5,90580,1
29/11/2017,13124.5,13197,13028.5,13055.5,106454,-1
30/11/2017,13050,13177.5,13019,13035,97755,-1
01/12/2017,13055.5,13073,12806,12944.5,155657,-1
04/12/2017,13012.5,13118.5,12971.5,13037,102313,1
05/12/2017,13064.5,13096,12957.5,13006,91021,-1
06/12/2017,12962.5,13035,12860.5,13008.5,101053,1
07/12/2017,13040.5,13107.5,12985.5,13103,78746,1
08/12/2017,13144,13244,13136.5,13151,78580,1
11/12/2017,13189,13204.5,13111.5,13159.5,63714,-1
12/12/2017,13162.5,13186,13077,13186,68979,1
13/12/2017,13175,13191,13068.5,13085,50703,-1
14/12/2017,13073.5,13163,13008,13035,68715,-1
15/12/2017,13036,13135,13000,13125,69886,1
